SplineFontDB: 3.2
FontName: Untitled1
FullName: Untitled1
FamilyName: Untitled1
Weight: Book
Copyright: Copyright (c) 2026, User
Version: 001.000
ItalicAngle: 0
UnderlinePosition: -100
UnderlineWidth: 50
Ascent: 800
Descent: 200
InvalidEm: 0
sfntRevision: 0x00010000
LayerCount: 2
Layer: 0 1 "Atr+AOEA-s" 1
Layer: 1 1 "Fore" 0
XUID: [1021 616 546598300 9665]
StyleMap: 0x0000
FSType: 0
OS2Version: 4
OS2_WeightWidthSlopeOnly: 0
OS2_UseTypoMetrics: 1
CreationTime: 1785801202
ModificationTime: 1788116310
PfmFamily: 17
TTFWeight: 400
TTFWidth: 5
LineGap: 90
VLineGap: 0
Panose: 2 0 5 3 0 0 0 0 0 0
OS2TypoAscent: 800
OS2TypoAOffset: 0
OS2TypoDescent: -200
OS2TypoDOffset: 0
OS2TypoLinegap: 90
OS2WinAscent: 946
OS2WinAOffset: 0
OS2WinDescent: 516
OS2WinDOffset: 0
HheadAscent: 946
HheadAOffset: 0
HheadDescent: -516
HheadDOffset: 0
OS2SubXSize: 650
OS2SubYSize: 700
OS2SubXOff: 0
OS2SubYOff: 140
OS2SupXSize: 650
OS2SupYSize: 700
OS2SupXOff: 0
OS2SupYOff: 480
OS2StrikeYSize: 49
OS2StrikeYPos: 258
OS2CapHeight: 737
OS2XHeight: 467
OS2Vendor: 'PfEd'
OS2CodePages: 00000001.00000000
OS2UnicodeRanges: 00000003.00000000.00000000.00000000
DEI: 91125
ShortTable: cvt  2
  33
  633
EndShort
ShortTable: maxp 16
  1
  0
  92
  410
  13
  0
  0
  2
  0
  1
  1
  0
  64
  46
  0
  0
EndShort
LangName: 1033 "" "" "Regular" "FontForge 2.0 : Untitled1 : 29-8-2026" "" "Version 001.000"
GaspTable: 1 65535 2 0
Encoding: UnicodeBmp
UnicodeInterp: none
NameList: AGL For New Fonts
DisplaySize: -48
AntiAlias: 0
FitToEm: 0
WinInfo: 0 49 16
BeginChars: 65539 92

StartChar: .notdef
Encoding: 65536 -1 0
Width: 364
GlyphClass: 1
Flags: W
TtInstrs:
PUSHB_2
 1
 0
MDAP[rnd]
ALIGNRP
PUSHB_3
 7
 4
 0
MIRP[min,rnd,black]
SHP[rp2]
PUSHB_2
 6
 5
MDRP[rp0,min,rnd,grey]
ALIGNRP
PUSHB_3
 3
 2
 0
MIRP[min,rnd,black]
SHP[rp2]
SVTCA[y-axis]
PUSHB_2
 3
 0
MDAP[rnd]
ALIGNRP
PUSHB_3
 5
 4
 0
MIRP[min,rnd,black]
SHP[rp2]
PUSHB_3
 7
 6
 1
MIRP[rp0,min,rnd,grey]
ALIGNRP
PUSHB_3
 1
 2
 0
MIRP[min,rnd,black]
SHP[rp2]
EndTTInstrs
LayerCount: 2
Fore
SplineSet
33 0 m 1,0,-1
 33 666 l 1,1,-1
 298 666 l 1,2,-1
 298 0 l 1,3,-1
 33 0 l 1,0,-1
66 33 m 1,4,-1
 265 33 l 1,5,-1
 265 633 l 1,6,-1
 66 633 l 1,7,-1
 66 33 l 1,4,-1
EndSplineSet
EndChar

StartChar: .null
Encoding: 65537 -1 1
Width: 0
GlyphClass: 1
Flags: W
LayerCount: 2
EndChar

StartChar: nonmarkingreturn
Encoding: 65538 -1 2
Width: 333
GlyphClass: 1
Flags: W
LayerCount: 2
EndChar

StartChar: exclam
Encoding: 33 33 3
Width: 232
GlyphClass: 1
Flags: W
LayerCount: 2
Fore
SplineSet
166.5 176 m 128,-1,1
 184 193 184 193 194 194 c 0,2,3
 201 194 201 194 202 185.5 c 128,-1,4
 203 177 203 177 202 129 c 0,5,6
 200 84 200 84 197.5 69.5 c 128,-1,7
 195 55 195 55 187 39 c 0,8,9
 175 14 175 14 164.5 6.5 c 128,-1,10
 154 -1 154 -1 134 -20 c 0,11,12
 118 -36 118 -36 109 -41 c 128,-1,13
 100 -46 100 -46 94.5 -39 c 128,-1,14
 89 -32 89 -32 87 -15 c 128,-1,15
 85 2 85 2 84 37 c 2,16,-1
 83 104 l 1,17,-1
 116 132 l 2,18,0
 149 159 149 159 166.5 176 c 128,-1,1
152 785 m 1,19,-1
 159 790 l 1,20,-1
 168 789 l 1,21,-1
 174 783 l 1,22,-1
 176 780 l 1,23,-1
 179 779 l 1,24,-1
 182 779 l 1,25,-1
 185 780 l 1,26,-1
 184 776 l 1,27,-1
 180 731 l 1,28,-1
 177 645 l 1,29,-1
 178 575 l 1,30,-1
 178 557 l 1,31,-1
 179 531 l 1,32,-1
 179 501 l 1,33,-1
 179 474 l 1,34,-1
 180 455 l 1,35,-1
 182 446 l 1,36,-1
 183 443 l 1,37,-1
 183 435 l 1,38,-1
 182 426 l 1,39,-1
 181 409 l 1,40,-1
 182 383 l 1,41,-1
 185 353 l 1,42,-1
 187 322 l 1,43,-1
 188 301 l 1,44,-1
 186 290 l 1,45,-1
 185 286 l 1,46,-1
 184 282 l 1,47,-1
 185 279 l 1,48,-1
 186 277 l 1,49,-1
 185 277 l 1,50,-1
 183 278 l 1,51,-1
 178 277 l 1,52,-1
 174 270 l 1,53,-1
 175 262 l 1,54,-1
 176 260 l 1,55,-1
 175 259 l 1,56,-1
 173 260 l 1,57,-1
 171 260 l 1,58,-1
 168 257 l 1,59,-1
 166 252 l 1,60,-1
 162 244 l 1,61,-1
 155 232 l 1,62,-1
 145 220 l 1,63,-1
 136 208 l 1,64,-1
 130 198 l 1,65,-1
 129 192 l 1,66,-1
 130 190 l 1,67,-1
 130 189 l 1,68,-1
 129 190 l 1,69,-1
 125 189 l 1,70,-1
 119 183 l 1,71,-1
 112 173 l 1,72,-1
 99 156 l 1,73,-1
 91 153 l 1,74,-1
 92 163 l 1,75,-1
 97 302 l 1,76,-1
 98 543 l 1,77,-1
 94 671 l 1,78,-1
 92 670 l 1,79,-1
 91 669 l 1,80,-1
 92 667 l 1,81,-1
 92 665 l 1,82,-1
 90 664 l 1,83,-1
 86 665 l 1,84,-1
 73 662 l 1,85,-1
 60 652 l 1,86,-1
 56 643 l 1,87,-1
 56 641 l 1,88,-1
 55 640 l 1,89,-1
 52 640 l 1,90,-1
 49 640 l 1,91,-1
 47 637 l 1,92,-1
 47 633 l 1,93,-1
 47 629 l 1,94,-1
 45 628 l 1,95,-1
 43 628 l 1,96,-1
 40 629 l 1,97,-1
 40 627 l 1,98,-1
 41 623 l 1,99,-1
 42 620 l 1,100,-1
 41 618 l 1,101,-1
 40 618 l 1,102,-1
 37 619 l 1,103,-1
 34 618 l 1,104,-1
 32 616 l 1,105,-1
 30 614 l 1,106,-1
 27 614 l 1,107,-1
 23 614 l 1,108,-1
 18 627 l 1,109,-1
 20 653 l 1,110,-1
 33 650 l 1,111,-1
 35 701 l 1,112,-1
 38 713 l 1,113,-1
 39 720 l 1,114,-1
 45 731 l 1,115,-1
 58 743 l 1,116,-1
 70 749 l 1,117,-1
 73 750 l 1,118,-1
 74 752 l 1,119,-1
 73 754 l 1,120,-1
 72 757 l 1,121,-1
 73 757 l 1,122,-1
 75 756 l 1,123,-1
 89 759 l 1,124,-1
 109 767 l 1,125,-1
 118 775 l 1,126,-1
 118 776 l 1,127,-1
 118 778 l 1,128,-1
 120 780 l 1,129,-1
 121 781 l 1,130,-1
 121 780 l 1,131,-1
 120 777 l 1,132,-1
 118 773 l 1,133,-1
 120 772 l 1,134,-1
 124 773 l 1,135,-1
 128 775 l 1,136,-1
 132 776 l 1,137,-1
 134 776 l 1,138,-1
 135 777 l 1,139,-1
 135 778 l 1,140,-1
 134 781 l 1,141,-1
 134 782 l 1,142,-1
 136 783 l 1,143,-1
 140 782 l 1,144,-1
 145 782 l 1,145,-1
 149 783 l 1,146,-1
 152 785 l 1,19,-1
EndSplineSet
EndChar

StartChar: quotedbl
Encoding: 34 34 4
Width: 385
GlyphClass: 1
Flags: W
LayerCount: 2
Fore
SplineSet
221 703 m 2,0,1
 231 713 231 713 239.5 714.5 c 128,-1,2
 248 716 248 716 284 716 c 0,3,4
 301 715 301 715 310 715 c 128,-1,5
 319 715 319 715 324.5 714 c 128,-1,6
 330 713 330 713 331.5 711.5 c 128,-1,7
 333 710 333 710 333 708 c 0,8,9
 333 701 333 701 330 643 c 0,10,11
 328 594 328 594 322 579 c 128,-1,12
 316 564 316 564 285 524 c 0,13,14
 265 498 265 498 256 485 c 128,-1,15
 247 472 247 472 233 457 c 0,16,17
 217 438 217 438 213 449 c 0,18,19
 208 462 208 462 208 572 c 2,20,-1
 208 691 l 1,21,-1
 221 703 l 2,0,1
61 703 m 2,22,23
 70 713 70 713 79 714.5 c 128,-1,24
 88 716 88 716 124 716 c 0,25,26
 140 715 140 715 149 715 c 128,-1,27
 158 715 158 715 164 714 c 128,-1,28
 170 713 170 713 171.5 711.5 c 128,-1,29
 173 710 173 710 173 708 c 0,30,31
 172 700 172 700 169 643 c 0,32,33
 167 594 167 594 161.5 579 c 128,-1,34
 156 564 156 564 125 524 c 0,35,36
 104 498 104 498 95 485 c 128,-1,37
 86 472 86 472 73 457 c 0,38,39
 57 438 57 438 52 449 c 0,40,41
 47 462 47 462 47 572 c 2,42,-1
 47 691 l 1,43,-1
 61 703 l 2,22,23
EndSplineSet
EndChar

StartChar: quotesingle
Encoding: 39 39 5
Width: 196
GlyphClass: 1
Flags: W
LayerCount: 2
Fore
SplineSet
54 738 m 2,0,1
 64 747 64 747 72.5 748.5 c 128,-1,2
 81 750 81 750 117 750 c 0,3,4
 134 750 134 750 143 749.5 c 128,-1,5
 152 749 152 749 157.5 748 c 128,-1,6
 163 747 163 747 164.5 746 c 128,-1,7
 166 745 166 745 166 742 c 0,8,9
 166 735 166 735 163 677 c 0,10,11
 160 629 160 629 154.5 614 c 128,-1,12
 149 599 149 599 118 559 c 0,13,14
 98 533 98 533 88.5 520 c 128,-1,15
 79 507 79 507 66 492 c 0,16,17
 50 473 50 473 46 483 c 0,18,19
 40 496 40 496 40 606 c 2,20,-1
 40 725 l 1,21,-1
 54 738 l 2,0,1
EndSplineSet
EndChar

StartChar: comma
Encoding: 44 44 6
Width: 259
GlyphClass: 1
Flags: W
LayerCount: 2
Fore
SplineSet
106 139 m 0,0,1
 106 154 106 154 157 126 c 0,2,3
 198 104 198 104 202.5 98 c 128,-1,4
 207 92 207 92 200 70 c 0,5,6
 192 45 192 45 188.5 43 c 128,-1,7
 185 41 185 41 162.5 -2.5 c 128,-1,8
 140 -46 140 -46 137.5 -48.5 c 128,-1,9
 135 -51 135 -51 131 -62.5 c 128,-1,10
 127 -74 127 -74 124 -76 c 128,-1,11
 121 -78 121 -78 103 -112 c 0,12,13
 77 -161 77 -161 72 -135 c 0,14,15
 66 -106 66 -106 60 -54 c 128,-1,16
 54 -2 54 -2 54 11 c 0,17,18
 55 31 55 31 80.5 83 c 128,-1,19
 106 135 106 135 106 139 c 0,0,1
EndSplineSet
EndChar

StartChar: period
Encoding: 46 46 7
Width: 202
GlyphClass: 1
Flags: W
LayerCount: 2
Fore
SplineSet
58 144 m 0,0,1
 65 149 65 149 66 148.5 c 128,-1,2
 67 148 67 148 62 142 c 0,3,4
 56 135 56 135 53.5 137.5 c 128,-1,5
 51 140 51 140 58 144 c 0,0,1
124.5 150 m 128,-1,7
 142 167 142 167 152 167 c 0,8,9
 160 167 160 167 161 158.5 c 128,-1,10
 162 150 162 150 160 102 c 0,11,12
 158 57 158 57 156 42.5 c 128,-1,13
 154 28 154 28 145 12 c 0,14,15
 133 -13 133 -13 122.5 -20.5 c 128,-1,16
 112 -28 112 -28 93 -47 c 0,17,18
 76 -62 76 -62 67.5 -67.5 c 128,-1,19
 59 -73 59 -73 53 -66 c 128,-1,20
 47 -59 47 -59 45 -42 c 128,-1,21
 43 -25 43 -25 43 11 c 2,22,-1
 41 77 l 1,23,-1
 74 105 l 2,24,6
 107 133 107 133 124.5 150 c 128,-1,7
EndSplineSet
EndChar

StartChar: zero
Encoding: 48 48 8
Width: 510
GlyphClass: 1
Flags: W
LayerCount: 2
Fore
SplineSet
182 816 m 0,0,1
 190 821 190 821 194 819.5 c 128,-1,2
 198 818 198 818 210 806 c 0,3,4
 238 777 238 777 277.5 762 c 128,-1,5
 317 747 317 747 357 750 c 0,6,7
 384 752 384 752 394 756 c 0,8,9
 410 761 410 761 407 744 c 0,10,11
 405 734 405 734 396 718 c 0,12,13
 382 692 382 692 384.5 687.5 c 128,-1,14
 387 683 387 683 379 672 c 0,15,16
 372 662 372 662 372.5 642.5 c 128,-1,17
 373 623 373 623 380 614 c 0,18,19
 385 608 385 608 396.5 588.5 c 128,-1,20
 408 569 408 569 423 553 c 128,-1,21
 438 537 438 537 444 529 c 0,22,23
 452 520 452 520 451 359 c 128,-1,24
 450 198 450 198 443 178 c 0,25,26
 421 120 421 120 394 80 c 0,27,28
 362 34 362 34 283.5 17.5 c 128,-1,29
 205 1 205 1 141 26 c 0,30,31
 121 34 121 34 100.5 51.5 c 128,-1,32
 80 69 80 69 80 78 c 0,33,34
 80 83 80 83 74 94 c 0,35,36
 60 120 60 120 57 159 c 128,-1,37
 54 198 54 198 55 358 c 2,38,-1
 55 565 l 1,39,-1
 87 621 l 2,40,41
 119 678 119 678 126 690 c 0,42,43
 140 716 140 716 158 772 c 0,44,45
 170 810 170 810 182 816 c 0,0,1
192 639 m 0,46,47
 172 654 172 654 160 660 c 2,48,-1
 148 666 l 1,49,-1
 148 396 l 2,50,51
 149 125 149 125 154.5 118.5 c 128,-1,52
 160 112 160 112 157 109.5 c 128,-1,53
 154 107 154 107 159 107 c 128,-1,54
 164 107 164 107 164 98 c 0,55,56
 164 81 164 81 201 63 c 0,57,58
 225 50 225 50 258 59.5 c 128,-1,59
 291 69 291 69 308 93 c 0,60,61
 318 108 318 108 322 117 c 128,-1,62
 326 126 326 126 329 160 c 128,-1,63
 332 194 332 194 332.5 235 c 128,-1,64
 333 276 333 276 334 377 c 0,65,66
 335 521 335 521 334 560 c 128,-1,67
 333 599 333 599 329 602 c 0,68,69
 322 606 322 606 295 605 c 0,70,71
 270 605 270 605 241.5 614.5 c 128,-1,72
 213 624 213 624 192 639 c 0,46,47
EndSplineSet
EndChar

StartChar: one
Encoding: 49 49 9
Width: 374
GlyphClass: 1
Flags: W
LayerCount: 2
Fore
SplineSet
249 838 m 0,0,1
 255 840 255 840 258.5 836.5 c 128,-1,2
 262 833 262 833 264.5 821 c 128,-1,3
 267 809 267 809 268 789 c 128,-1,4
 269 769 269 769 269 733 c 0,5,6
 270 659 270 659 269.5 644.5 c 128,-1,7
 269 630 269 630 265 591 c 0,8,9
 261 550 261 550 265 535 c 0,10,11
 269 519 269 519 270 342 c 0,12,13
 270 325 270 325 269.5 279.5 c 128,-1,14
 269 234 269 234 271 229.5 c 128,-1,15
 273 225 273 225 274 194.5 c 128,-1,16
 275 164 275 164 279 164 c 0,17,18
 289 164 289 164 262 94 c 0,19,20
 240 40 240 40 222.5 16.5 c 128,-1,21
 205 -7 205 -7 200 -22 c 0,22,23
 195 -36 195 -36 183.5 -54 c 128,-1,24
 172 -72 172 -72 168 -72 c 0,25,26
 166 -72 166 -72 165 -61 c 128,-1,27
 164 -50 164 -50 165 -38.5 c 128,-1,28
 166 -27 166 -27 169 -26 c 0,29,30
 172 -23 172 -23 173 151.5 c 128,-1,31
 174 326 174 326 173 499.5 c 128,-1,32
 172 673 172 673 169 673 c 0,33,34
 160 673 160 673 134 607 c 0,35,36
 65 432 65 432 60 432 c 0,37,38
 54 432 54 432 52 445.5 c 128,-1,39
 50 459 50 459 48 505 c 0,40,41
 46 555 46 555 50.5 592.5 c 128,-1,42
 55 630 55 630 72 690 c 0,43,44
 79 718 79 718 85 729 c 128,-1,45
 91 740 91 740 107 755 c 0,46,47
 122 770 122 770 145 787 c 128,-1,48
 168 804 168 804 174 803 c 0,49,50
 176 803 176 803 197.5 814.5 c 128,-1,51
 219 826 219 826 225 826 c 128,-1,52
 231 826 231 826 235.5 831 c 128,-1,53
 240 836 240 836 249 838 c 0,0,1
EndSplineSet
EndChar

StartChar: two
Encoding: 50 50 10
Width: 676
GlyphClass: 1
Flags: W
LayerCount: 2
Fore
SplineSet
235 814 m 0,0,1
 252 827 252 827 260 829.5 c 128,-1,2
 268 832 268 832 283 831 c 0,3,4
 305 829 305 829 322 821 c 0,5,6
 347 811 347 811 378 795 c 128,-1,7
 409 779 409 779 410 776 c 0,8,9
 412 772 412 772 421.5 772 c 128,-1,10
 431 772 431 772 468.5 749.5 c 128,-1,11
 506 727 506 727 512 727 c 0,12,13
 523 727 523 727 541.5 699 c 128,-1,14
 560 671 560 671 560 655 c 0,15,16
 560 645 560 645 565 636 c 0,17,18
 576 614 576 614 526 553 c 128,-1,19
 476 492 476 492 419 459 c 0,20,21
 347 416 347 416 288.5 353 c 128,-1,22
 230 290 230 290 219 244 c 0,23,24
 212 213 212 213 209 206 c 0,25,26
 205 195 205 195 205 169.5 c 128,-1,27
 205 144 205 144 208 130 c 0,28,29
 211 118 211 118 215 115 c 128,-1,30
 219 112 219 112 230 111 c 0,31,32
 250 110 250 110 347 74 c 0,33,34
 382 61 382 61 421 56.5 c 128,-1,35
 460 52 460 52 470 60 c 0,36,37
 477 67 477 67 494 72 c 128,-1,38
 511 77 511 77 533 96 c 128,-1,39
 555 115 555 115 568 134 c 0,40,41
 577 150 577 150 597.5 168 c 128,-1,42
 618 186 618 186 625 186 c 0,43,44
 639 184 639 184 611 134 c 0,45,46
 587 92 587 92 555 56.5 c 128,-1,47
 523 21 523 21 494 4 c 0,48,49
 471 -9 471 -9 471 -13 c 128,-1,50
 471 -17 471 -17 462 -17 c 128,-1,51
 453 -17 453 -17 448 -21 c 0,52,53
 440 -28 440 -28 381 -35 c 0,54,55
 359 -38 359 -38 351 -45 c 0,56,57
 346 -50 346 -50 338 -48 c 128,-1,58
 330 -46 330 -46 304 -32 c 0,59,60
 265 -11 265 -11 218 -1 c 0,61,62
 180 8 180 8 167 9 c 128,-1,63
 154 10 154 10 136 6 c 0,64,65
 121 3 121 3 110 1.5 c 128,-1,66
 99 0 99 0 92 -6 c 0,67,68
 86 -11 86 -11 86 0 c 0,69,70
 85 5 85 5 85 17 c 0,71,72
 85 39 85 39 91 71 c 128,-1,73
 97 103 97 103 104 122 c 0,74,75
 109 135 109 135 111 152 c 0,76,77
 121 218 121 218 167 280 c 0,78,79
 178 295 178 295 178 300.5 c 128,-1,80
 178 306 178 306 222.5 351 c 128,-1,81
 267 396 267 396 292 416 c 0,82,83
 318 436 318 436 341 455.5 c 128,-1,84
 364 475 364 475 403.5 502 c 128,-1,85
 443 529 443 529 456.5 542 c 128,-1,86
 470 555 470 555 475 555 c 256,87,88
 480 555 480 555 489.5 567 c 128,-1,89
 499 579 499 579 502 589 c 0,90,91
 504 600 504 600 490 631 c 0,92,93
 477 657 477 657 455 674 c 128,-1,94
 433 691 433 691 373 719 c 0,95,96
 325 742 325 742 310 750 c 0,97,98
 294 758 294 758 270 764.5 c 128,-1,99
 246 771 246 771 237 769 c 0,100,101
 228 766 228 766 223 748 c 0,102,103
 196 637 196 637 218 589 c 0,104,105
 228 568 228 568 228 563 c 0,106,107
 228 549 228 549 188 500 c 128,-1,108
 148 451 148 451 129 444 c 0,109,110
 110 436 110 436 98 440.5 c 128,-1,111
 86 445 86 445 76 464 c 0,112,113
 63 487 63 487 63 563 c 0,114,115
 63 618 63 618 74 651 c 128,-1,116
 85 684 85 684 116 725 c 0,117,118
 123 734 123 734 142 748.5 c 128,-1,119
 161 763 161 763 191.5 783.5 c 128,-1,120
 222 804 222 804 235 814 c 0,0,1
EndSplineSet
EndChar

StartChar: three
Encoding: 51 51 11
Width: 611
GlyphClass: 1
Flags: W
LayerCount: 2
Fore
SplineSet
146 817 m 2,0,-1
 163 837 l 1,1,-1
 174 824 l 2,2,3
 185 811 185 811 197.5 808.5 c 128,-1,4
 210 806 210 806 228.5 799 c 128,-1,5
 247 792 247 792 268 786 c 0,6,7
 289 781 289 781 325 763 c 128,-1,8
 361 745 361 745 381.5 729.5 c 128,-1,9
 402 714 402 714 420 707.5 c 128,-1,10
 438 701 438 701 439 696 c 0,11,12
 439 692 439 692 440 682 c 0,13,14
 441 670 441 670 479 621 c 2,15,-1
 494 601 l 1,16,-1
 485 582 l 2,17,18
 476 562 476 562 468 555 c 128,-1,19
 460 548 460 548 438 511.5 c 128,-1,20
 416 475 416 475 401 456 c 2,21,-1
 387 437 l 1,22,-1
 409 423 l 2,23,24
 431 410 431 410 443.5 400.5 c 128,-1,25
 456 391 456 391 459.5 391 c 128,-1,26
 463 391 463 391 494.5 365 c 128,-1,27
 526 339 526 339 529.5 339 c 128,-1,28
 533 339 533 339 545 327 c 0,29,30
 554 320 554 320 555 314 c 128,-1,31
 556 308 556 308 553 290 c 0,32,33
 548 254 548 254 517.5 191 c 128,-1,34
 487 128 487 128 455 89 c 0,35,36
 441 71 441 71 415 49 c 128,-1,37
 389 27 389 27 378 24 c 0,38,39
 367 20 367 20 357 13 c 0,40,41
 348 7 348 7 326 2.5 c 128,-1,42
 304 -2 304 -2 287 0 c 0,43,44
 250 2 250 2 205.5 32.5 c 128,-1,45
 161 63 161 63 132 106 c 0,46,47
 118 126 118 126 112.5 145.5 c 128,-1,48
 107 165 107 165 103 203 c 0,49,50
 101 228 101 228 102.5 235 c 128,-1,51
 104 242 104 242 113 253 c 0,52,53
 125 266 125 266 140.5 277 c 128,-1,54
 156 288 156 288 159 284 c 0,55,56
 161 281 161 281 161 271 c 0,57,58
 161 260 161 260 183.5 237 c 128,-1,59
 206 214 206 214 226 205 c 0,60,61
 276 181 276 181 314.5 173.5 c 128,-1,62
 353 166 353 166 403 170 c 2,63,-1
 444 174 l 1,64,-1
 468 200 l 2,65,66
 492 227 492 227 493 236 c 0,67,68
 495 258 495 258 493 267 c 128,-1,69
 491 276 491 276 483 283 c 0,70,71
 444 320 444 320 348 378 c 0,72,73
 324 392 324 392 330.5 410 c 128,-1,74
 337 428 337 428 393 503 c 0,75,76
 406 521 406 521 419 544 c 2,77,-1
 433 567 l 1,78,-1
 408 603 l 2,79,80
 383 639 383 639 380 643 c 0,81,82
 373 651 373 651 341.5 671 c 128,-1,83
 310 691 310 691 288 702 c 0,84,85
 264 714 264 714 224 727.5 c 128,-1,86
 184 741 184 741 181 737 c 0,87,88
 178 734 178 734 181 684 c 0,89,90
 182 668 182 668 185.5 668 c 128,-1,91
 189 668 189 668 189 658 c 128,-1,92
 189 648 189 648 196 640 c 0,93,94
 208 627 208 627 190.5 594 c 128,-1,95
 173 561 173 561 142 538 c 0,96,97
 118 519 118 519 106 508.5 c 128,-1,98
 94 498 94 498 74 497 c 0,99,100
 60 496 60 496 56 498 c 128,-1,101
 52 500 52 500 51 508 c 0,102,103
 50 520 50 520 56.5 528.5 c 128,-1,104
 63 537 63 537 76 598.5 c 128,-1,105
 89 660 89 660 100 692.5 c 128,-1,106
 111 725 111 725 111 732 c 128,-1,107
 111 739 111 739 116 753.5 c 128,-1,108
 121 768 121 768 120 772 c 0,109,110
 118 783 118 783 146 817 c 2,0,-1
EndSplineSet
EndChar

StartChar: four
Encoding: 52 52 12
Width: 532
GlyphClass: 1
Flags: W
LayerCount: 2
Fore
SplineSet
146 832 m 128,-1,1
 161 834 161 834 170 832.5 c 128,-1,2
 179 831 179 831 185.5 831 c 128,-1,3
 192 831 192 831 188.5 817.5 c 128,-1,4
 185 804 185 804 183.5 719.5 c 128,-1,5
 182 635 182 635 177 618 c 128,-1,6
 172 601 172 601 172 583 c 128,-1,7
 172 565 172 565 168.5 561 c 128,-1,8
 165 557 165 557 165 554 c 0,9,10
 165 547 165 547 157 525.5 c 128,-1,11
 149 504 149 504 142 491 c 0,12,13
 131 470 131 470 131 465 c 256,14,15
 131 460 131 460 233 454.5 c 128,-1,16
 335 449 335 449 352 453 c 0,17,18
 359 455 359 455 361 461.5 c 128,-1,19
 363 468 363 468 365 493 c 0,20,21
 369 530 369 530 375.5 572.5 c 128,-1,22
 382 615 382 615 384 660 c 0,23,24
 387 734 387 734 390.5 750.5 c 128,-1,25
 394 767 394 767 410 785 c 0,26,27
 449 831 449 831 467 831 c 0,28,29
 472 831 472 831 473 823 c 128,-1,30
 474 815 474 815 472 788 c 0,31,32
 469 744 469 744 465 716 c 0,33,34
 455 659 455 659 449 530 c 0,35,36
 448 490 448 490 444 479 c 0,37,38
 443 474 443 474 443.5 471.5 c 128,-1,39
 444 469 444 469 447 470 c 0,40,41
 452 471 452 471 452 465 c 0,42,43
 453 458 453 458 447 425 c 0,44,45
 442 397 442 397 439.5 342.5 c 128,-1,46
 437 288 437 288 434.5 273.5 c 128,-1,47
 432 259 432 259 430 138 c 0,48,49
 429 52 429 52 425.5 23 c 128,-1,50
 422 -6 422 -6 414 -6 c 0,51,52
 410 -6 410 -6 391 -27 c 0,53,54
 354 -65 354 -65 347 -20 c 0,55,56
 343 7 343 7 341.5 113 c 128,-1,57
 340 219 340 219 344 256 c 0,58,59
 349 303 349 303 351 349 c 2,60,-1
 354 394 l 1,61,-1
 271 393 l 2,62,63
 204 393 204 393 139 396.5 c 128,-1,64
 74 400 74 400 65 405 c 0,65,66
 39 419 39 419 68 464 c 0,67,68
 84 490 84 490 86.5 503 c 128,-1,69
 89 516 89 516 94 528 c 0,70,71
 100 545 100 545 98.5 605 c 128,-1,72
 97 665 97 665 89 707 c 0,73,74
 78 759 78 759 74 768 c 0,75,76
 68 781 68 781 87 804 c 128,-1,77
 106 827 106 827 120 823 c 0,78,79
 131 820 131 820 131 825 c 128,-1,0
 131 830 131 830 146 832 c 128,-1,1
EndSplineSet
EndChar

StartChar: five
Encoding: 53 53 13
Width: 640
GlyphClass: 1
Flags: W
LayerCount: 2
Fore
SplineSet
110 848 m 0,0,1
 118 854 118 854 119.5 854.5 c 128,-1,2
 121 855 121 855 173 829 c 0,3,4
 211 810 211 810 258.5 796 c 128,-1,5
 306 782 306 782 317 787 c 0,6,7
 324 789 324 789 324 783.5 c 128,-1,8
 324 778 324 778 337.5 781 c 128,-1,9
 351 784 351 784 357.5 779 c 128,-1,10
 364 774 364 774 375 776 c 128,-1,11
 386 778 386 778 418 780 c 0,12,13
 479 784 479 784 495 789 c 128,-1,14
 511 794 511 794 542 819 c 0,15,16
 584 852 584 852 581 832 c 0,17,18
 579 820 579 820 559 788 c 0,19,20
 537 752 537 752 518 742.5 c 128,-1,21
 499 733 499 733 480 723 c 128,-1,22
 461 713 461 713 443 712 c 128,-1,23
 425 711 425 711 419 707.5 c 128,-1,24
 413 704 413 704 405 702 c 0,25,26
 323 686 323 686 263 688 c 0,27,28
 209 690 209 690 198 693 c 0,29,30
 191 695 191 695 189 691.5 c 128,-1,31
 187 688 187 688 187 669 c 0,32,33
 186 642 186 642 185 632 c 0,34,35
 182 606 182 606 190.5 556 c 128,-1,36
 199 506 199 506 208 501 c 0,37,38
 213 498 213 498 235 508 c 0,39,40
 256 518 256 518 301 522 c 128,-1,41
 346 526 346 526 374 520 c 0,42,43
 408 513 408 513 443.5 488 c 128,-1,44
 479 463 479 463 498 433 c 0,45,46
 511 411 511 411 523 370 c 0,47,48
 531 344 531 344 533.5 321.5 c 128,-1,49
 536 299 536 299 536 243 c 2,50,-1
 536 155 l 1,51,-1
 513 114 l 2,52,53
 473 43 473 43 421 18 c 0,54,55
 397 6 397 6 356 7 c 0,56,57
 313 8 313 8 288.5 16.5 c 128,-1,58
 264 25 264 25 238 50 c 0,59,60
 203 85 203 85 181 125.5 c 128,-1,61
 159 166 159 166 158 197 c 0,62,63
 158 211 158 211 162 219.5 c 128,-1,64
 166 228 166 228 180 243 c 0,65,66
 205 268 205 268 212 266 c 128,-1,67
 219 264 219 264 217 232 c 0,68,69
 216 212 216 212 224.5 196.5 c 128,-1,70
 233 181 233 181 233 175 c 128,-1,71
 233 169 233 169 237.5 167.5 c 128,-1,72
 242 166 242 166 263 135 c 0,73,74
 285 102 285 102 308 87.5 c 128,-1,75
 331 73 331 73 364 72 c 0,76,77
 391 70 391 70 400 67.5 c 128,-1,78
 409 65 409 65 412.5 70.5 c 128,-1,79
 416 76 416 76 428 76 c 256,80,81
 440 76 440 76 448.5 85.5 c 128,-1,82
 457 95 457 95 468 119 c 0,83,84
 482 150 482 150 479.5 223 c 128,-1,85
 477 296 477 296 459 351 c 0,86,87
 450 381 450 381 421.5 410 c 128,-1,88
 393 439 393 439 364 450 c 0,89,90
 326 463 326 463 267 458 c 128,-1,91
 208 453 208 453 187 434 c 0,92,93
 177 425 177 425 168.5 430 c 128,-1,94
 160 435 160 435 146 458 c 0,95,96
 122 494 122 494 105.5 555 c 128,-1,97
 89 616 89 616 85 678 c 0,98,99
 82 734 82 734 79.5 737.5 c 128,-1,100
 77 741 77 741 77 775 c 0,101,102
 76 823 76 823 110 848 c 0,0,1
EndSplineSet
EndChar

StartChar: six
Encoding: 54 54 14
Width: 395
GlyphClass: 1
Flags: W
LayerCount: 2
Fore
SplineSet
233 817 m 0,0,1
 241 822 241 822 245.5 819.5 c 128,-1,2
 250 817 250 817 265 801 c 0,3,4
 286 778 286 778 293.5 768 c 128,-1,5
 301 758 301 758 331 726.5 c 128,-1,6
 361 695 361 695 361 692 c 0,7,8
 361 677 361 677 334.5 641.5 c 128,-1,9
 308 606 308 606 297 606 c 0,10,11
 276 606 276 606 233 703 c 0,12,13
 210 755 210 755 204 755 c 0,14,15
 202 756 202 756 200 752 c 256,16,17
 198 748 198 748 184 745 c 128,-1,18
 170 742 170 742 170 739 c 128,-1,19
 170 736 170 736 145 723 c 128,-1,20
 120 710 120 710 120 706 c 128,-1,21
 120 702 120 702 112 702 c 0,22,23
 106 702 106 702 104.5 691 c 128,-1,24
 103 680 103 680 103 628 c 2,25,-1
 102 554 l 1,26,-1
 110 576 l 2,27,28
 119 601 119 601 127.5 603 c 128,-1,29
 136 605 136 605 157 587 c 0,30,31
 180 568 180 568 201 561.5 c 128,-1,32
 222 555 222 555 256 558 c 0,33,34
 287 561 287 561 287 556 c 0,35,36
 287 555 287 555 286 550 c 0,37,38
 283 540 283 540 276.5 530 c 128,-1,39
 270 520 270 520 270 511 c 128,-1,40
 270 502 270 502 266 499 c 0,41,42
 256 493 256 493 265 465.5 c 128,-1,43
 274 438 274 438 290 422 c 0,44,45
 295 418 295 418 306 403 c 0,46,47
 313 392 313 392 314.5 374.5 c 128,-1,48
 316 357 316 357 316 273 c 0,49,50
 316 197 316 197 314.5 173 c 128,-1,51
 313 149 313 149 307 133 c 0,52,53
 290 83 290 83 270 61 c 0,54,55
 244 33 244 33 194.5 23.5 c 128,-1,56
 145 14 145 14 103 29 c 0,57,58
 79 37 79 37 68.5 47.5 c 128,-1,59
 58 58 58 58 47 84 c 2,60,-1
 36 113 l 1,61,-1
 36 281 l 2,62,63
 37 700 37 700 48 706 c 0,64,65
 54 710 54 710 72 724 c 128,-1,66
 90 738 90 738 96 738 c 128,-1,67
 102 738 102 738 102 741.5 c 128,-1,68
 102 745 102 745 115 751 c 0,69,70
 130 757 130 757 162.5 775 c 128,-1,71
 195 793 195 793 201 798 c 0,72,73
 209 805 209 805 216 808 c 128,-1,74
 223 811 223 811 233 817 c 0,0,1
129 479 m 0,75,76
 110 493 110 493 106 493 c 128,-1,77
 102 493 102 493 103 296 c 0,78,79
 104 129 104 129 108.5 99.5 c 128,-1,80
 113 70 113 70 138 59 c 0,81,82
 162 48 162 48 184.5 56.5 c 128,-1,83
 207 65 207 65 220 90 c 2,84,-1
 232 113 l 1,85,-1
 232 281 l 1,86,-1
 232 449 l 1,87,-1
 209 450 l 2,88,89
 166 452 166 452 129 479 c 0,75,76
EndSplineSet
EndChar

StartChar: seven
Encoding: 55 55 15
Width: 613
GlyphClass: 1
Flags: W
LayerCount: 2
Fore
SplineSet
432 872 m 128,-1,1
 447 879 447 879 448.5 879.5 c 128,-1,2
 450 880 450 880 455.5 872.5 c 128,-1,3
 461 865 461 865 462 803 c 0,4,5
 462 742 462 742 463 687 c 0,6,7
 464 633 464 633 461 627 c 0,8,9
 458 622 458 622 458 582.5 c 128,-1,10
 458 543 458 543 460 526 c 0,11,12
 461 511 461 511 462 471 c 0,13,14
 463 442 463 442 464.5 436.5 c 128,-1,15
 466 431 466 431 475 431 c 256,16,17
 484 431 484 431 487 437 c 128,-1,18
 490 443 490 443 494 471 c 0,19,20
 500 511 500 511 511 541 c 0,21,22
 519 562 519 562 535.5 588 c 128,-1,23
 552 614 552 614 558 614 c 0,24,25
 562 614 562 614 562.5 602.5 c 128,-1,26
 563 591 563 591 560 573 c 128,-1,27
 557 555 557 555 551 539 c 0,28,29
 541 505 541 505 537 473 c 0,30,31
 535 449 535 449 525 417.5 c 128,-1,32
 515 386 515 386 505 371 c 0,33,34
 498 361 498 361 480 361 c 0,35,36
 468 361 468 361 465.5 358 c 128,-1,37
 463 355 463 355 463 341 c 0,38,39
 464 322 464 322 463 270 c 128,-1,40
 462 218 462 218 464.5 213.5 c 128,-1,41
 467 209 467 209 468 175.5 c 128,-1,42
 469 142 469 142 473 142 c 0,43,44
 483 142 483 142 455 67 c 0,45,46
 434 10 434 10 416.5 -15.5 c 128,-1,47
 399 -41 399 -41 393 -57 c 0,48,49
 388 -72 388 -72 377 -91.5 c 128,-1,50
 366 -111 366 -111 362 -111 c 128,-1,51
 358 -111 358 -111 358 -88 c 128,-1,52
 358 -65 358 -65 362 -62 c 0,53,54
 366 -58 366 -58 367 159 c 2,55,-1
 368 377 l 1,56,-1
 348 392 l 2,57,58
 323 411 323 411 314.5 406.5 c 128,-1,59
 306 402 306 402 293 362 c 0,60,61
 276 315 276 315 269.5 301 c 128,-1,62
 263 287 263 287 256 287 c 0,63,64
 248 287 248 287 242.5 298.5 c 128,-1,65
 237 310 237 310 246 345 c 0,66,67
 254 376 254 376 264 396 c 128,-1,68
 274 416 274 416 297 448 c 0,69,70
 315 472 315 472 328 479 c 128,-1,71
 341 486 341 486 355 479 c 2,72,-1
 368 473 l 1,73,-1
 368 582 l 2,74,75
 368 691 368 691 363.5 691 c 128,-1,76
 359 691 359 691 359 709 c 0,77,78
 359 723 359 723 356 724 c 0,79,80
 355 724 355 724 353 722 c 0,81,82
 347 717 347 717 304 697 c 128,-1,83
 261 677 261 677 252 669.5 c 128,-1,84
 243 662 243 662 237.5 662 c 128,-1,85
 232 662 232 662 208 648 c 128,-1,86
 184 634 184 634 162.5 626 c 128,-1,87
 141 618 141 618 141 615 c 0,88,89
 136 587 136 587 134 492.5 c 128,-1,90
 132 398 132 398 136 383 c 0,91,92
 141 365 141 365 132 344 c 0,93,94
 124 321 124 321 116 313 c 128,-1,95
 108 305 108 305 101 311 c 0,96,97
 94 318 94 318 92 329 c 128,-1,98
 90 340 90 340 84 358 c 0,99,100
 75 386 75 386 64 447 c 128,-1,101
 53 508 53 508 56 512 c 256,102,103
 59 516 59 516 54.5 526.5 c 128,-1,104
 50 537 50 537 48 611 c 2,105,-1
 45 684 l 1,106,-1
 62 708 l 2,107,108
 80 732 80 732 96 735 c 128,-1,109
 112 738 112 738 125.5 742.5 c 128,-1,110
 139 747 139 747 141 747 c 0,111,112
 174 757 174 757 182 762 c 0,113,114
 191 769 191 769 241.5 788.5 c 128,-1,115
 292 808 292 808 294 806 c 0,116,117
 296 803 296 803 301.5 808.5 c 128,-1,118
 307 814 307 814 322.5 818 c 128,-1,119
 338 822 338 822 366 836 c 128,-1,120
 394 850 394 850 400.5 850 c 128,-1,121
 407 850 407 850 412 857.5 c 128,-1,0
 417 865 417 865 432 872 c 128,-1,1
EndSplineSet
EndChar

StartChar: eight
Encoding: 56 56 16
Width: 380
GlyphClass: 1
Flags: W
LayerCount: 2
Fore
SplineSet
151 823.5 m 128,-1,1
 155 829 155 829 180 813 c 0,2,3
 227 783 227 783 282 789 c 0,4,5
 301 791 301 791 305.5 790 c 128,-1,6
 310 789 310 789 310 783 c 0,7,8
 310 774 310 774 301 765.5 c 128,-1,9
 292 757 292 757 294 755 c 128,-1,10
 296 753 296 753 290 738 c 0,11,12
 285 726 285 726 288 720 c 128,-1,13
 291 714 291 714 313 690 c 2,14,-1
 341 659 l 1,15,-1
 341 567 l 1,16,-1
 341 475 l 1,17,-1
 325 447 l 2,18,19
 310 419 310 419 298 402.5 c 128,-1,20
 286 386 286 386 286.5 383.5 c 128,-1,21
 287 381 287 381 281 366 c 0,22,23
 277 356 277 356 280 350 c 128,-1,24
 283 344 283 344 304 320 c 2,25,-1
 332 288 l 1,26,-1
 332 196 l 1,27,-1
 332 105 l 1,28,-1
 317 77 l 2,29,30
 301 48 301 48 291 38 c 0,31,32
 271 18 271 18 220 8.5 c 128,-1,33
 169 -1 169 -1 132 8 c 0,34,35
 105 14 105 14 93 22.5 c 128,-1,36
 81 31 81 31 70 49 c 2,37,-1
 57 72 l 1,38,-1
 57 192 l 1,39,-1
 57 313 l 1,40,-1
 81 348 l 2,41,42
 101 376 101 376 104 383.5 c 128,-1,43
 107 391 107 391 99 394 c 0,44,45
 92 397 92 397 79 420 c 2,46,-1
 66 442 l 1,47,-1
 66 563 l 1,48,-1
 66 684 l 1,49,-1
 95 726 l 2,50,51
 124 767 124 767 135.5 792.5 c 128,-1,0
 147 818 147 818 151 823.5 c 128,-1,1
159 724 m 0,52,53
 156 726 156 726 152 728 c 0,54,55
 136 738 136 738 132 731 c 0,56,57
 128 722 128 722 128 627 c 0,58,59
 128 605 128 605 128 593 c 0,60,61
 128 446 128 446 131 443 c 128,-1,62
 134 440 134 440 140 449 c 0,63,64
 144 456 144 456 148.5 455 c 128,-1,65
 153 454 153 454 171 442 c 0,66,67
 196 426 196 426 216 421.5 c 128,-1,68
 236 417 236 417 244.5 425 c 128,-1,69
 253 433 253 433 257 444 c 0,70,71
 261 454 261 454 262 574.5 c 128,-1,72
 263 695 263 695 259.5 701 c 128,-1,73
 256 707 256 707 238 705 c 0,74,75
 223 703 223 703 199 708.5 c 128,-1,76
 175 714 175 714 159 724 c 0,52,53
150 354 m 0,77,78
 147 355 147 355 143 358 c 0,79,80
 127 368 127 368 123 361 c 0,81,82
 119 352 119 352 119 257 c 0,83,84
 119 235 119 235 119 223 c 0,85,86
 119 120 119 120 120.5 96 c 128,-1,87
 122 72 122 72 128 61 c 0,88,89
 137 45 137 45 153 38 c 0,90,91
 178 27 178 27 209 38.5 c 128,-1,92
 240 50 240 50 248 73 c 0,93,94
 252 84 252 84 253 204 c 128,-1,95
 254 324 254 324 250.5 330.5 c 128,-1,96
 247 337 247 337 229 334 c 0,97,98
 214 332 214 332 190 338 c 128,-1,99
 166 344 166 344 150 354 c 0,77,78
EndSplineSet
EndChar

StartChar: nine
Encoding: 57 57 17
Width: 402
GlyphClass: 1
Flags: W
LayerCount: 2
Fore
SplineSet
190 833 m 0,0,1
 223 845 223 845 269 838 c 128,-1,2
 315 831 315 831 334 811 c 0,3,4
 344 800 344 800 356 768 c 2,5,-1
 367 735 l 1,6,-1
 367 545 l 2,7,8
 367 69 367 69 356 62 c 0,9,10
 349 58 349 58 330.5 42 c 128,-1,11
 312 26 312 26 306.5 26 c 128,-1,12
 301 26 301 26 299 22 c 128,-1,13
 297 18 297 18 234 -19 c 0,14,15
 203 -36 203 -36 197.5 -43.5 c 128,-1,16
 192 -51 192 -51 187 -51 c 128,-1,17
 182 -51 182 -51 175 -59 c 0,18,19
 164 -69 164 -69 155.5 -65.5 c 128,-1,20
 147 -62 147 -62 129 -38 c 0,21,22
 104 -8 104 -8 80 21 c 0,23,24
 45 62 45 62 40 71.5 c 128,-1,25
 35 81 35 81 39 96 c 0,26,27
 45 114 45 114 68.5 145 c 128,-1,28
 92 176 92 176 100 176 c 0,29,30
 122 176 122 176 165 66 c 0,31,32
 190 6 190 6 196 6 c 0,33,34
 198 6 198 6 200 10 c 0,35,36
 202 15 202 15 216 18.5 c 128,-1,37
 230 22 230 22 230 25.5 c 128,-1,38
 230 29 230 29 255.5 43.5 c 128,-1,39
 281 58 281 58 281 62.5 c 128,-1,40
 281 67 281 67 290 67 c 0,41,42
 296 67 296 67 297.5 79.5 c 128,-1,43
 299 92 299 92 299 151 c 2,44,-1
 300 235 l 1,45,-1
 292 210 l 2,46,47
 283 181 283 181 274 179 c 128,-1,48
 265 177 265 177 244 197 c 0,49,50
 220 219 220 219 198.5 226.5 c 128,-1,51
 177 234 177 234 143 230 c 0,52,53
 118 228 118 228 114 229 c 128,-1,54
 110 230 110 230 112 239 c 0,55,56
 115 250 115 250 121.5 261.5 c 128,-1,57
 128 273 128 273 128 283.5 c 128,-1,58
 128 294 128 294 132 297 c 0,59,60
 142 304 142 304 133 335 c 128,-1,61
 124 366 124 366 107 384 c 0,62,63
 102 390 102 390 92 406 c 0,64,65
 84 418 84 418 82.5 438 c 128,-1,66
 81 458 81 458 81 554 c 0,67,68
 81 640 81 640 82.5 667 c 128,-1,69
 84 694 84 694 90 713 c 0,70,71
 107 768 107 768 128.5 793.5 c 128,-1,72
 150 819 150 819 190 833 c 0,0,1
263.5 796.5 m 128,-1,74
 238 809 238 809 215.5 799.5 c 128,-1,75
 193 790 193 790 179 762 c 2,76,-1
 167 736 l 1,77,-1
 167 545 l 1,78,-1
 167 354 l 1,79,-1
 191 353 l 2,80,81
 234 351 234 351 272 320 c 0,82,83
 292 305 292 305 296 305 c 128,-1,84
 300 305 300 305 299 528 c 0,85,86
 298 717 298 717 293.5 750.5 c 128,-1,73
 289 784 289 784 263.5 796.5 c 128,-1,74
EndSplineSet
EndChar

StartChar: colon
Encoding: 58 58 18
Width: 238
GlyphClass: 1
Flags: W
LayerCount: 2
Fore
SplineSet
153.5 358 m 128,-1,1
 171 375 171 375 181 375 c 0,2,3
 189 375 189 375 190 367 c 128,-1,4
 191 359 191 359 189 310 c 0,5,6
 188 265 188 265 185.5 251 c 128,-1,7
 183 237 183 237 174 220 c 0,8,9
 162 196 162 196 151.5 188.5 c 128,-1,10
 141 181 141 181 122 162 c 0,11,12
 105 146 105 146 96.5 141 c 128,-1,13
 88 136 88 136 82 142.5 c 128,-1,14
 76 149 76 149 74.5 166.5 c 128,-1,15
 73 184 73 184 72 219 c 2,16,-1
 70 286 l 1,17,-1
 103 313 l 2,18,0
 136 341 136 341 153.5 358 c 128,-1,1
144.5 615 m 128,-1,20
 162 632 162 632 172 632 c 0,21,22
 180 632 180 632 181 624 c 128,-1,23
 182 616 182 616 180 567 c 0,24,25
 178 522 178 522 176 508 c 128,-1,26
 174 494 174 494 165 477 c 0,27,28
 153 453 153 453 142.5 445 c 128,-1,29
 132 437 132 437 113 419 c 0,30,31
 96 403 96 403 87.5 398 c 128,-1,32
 79 393 79 393 73 399.5 c 128,-1,33
 67 406 67 406 65 423 c 128,-1,34
 63 440 63 440 63 476 c 2,35,-1
 61 542 l 1,36,-1
 94 570 l 2,37,19
 127 598 127 598 144.5 615 c 128,-1,20
EndSplineSet
EndChar

StartChar: semicolon
Encoding: 59 59 19
Width: 289
GlyphClass: 1
Flags: W
LayerCount: 2
Fore
SplineSet
99.5 122.5 m 128,-1,1
 104 135 104 135 110 134.5 c 128,-1,2
 116 134 116 134 155 112 c 0,3,4
 190 92 190 92 193.5 80.5 c 128,-1,5
 197 69 197 69 179 33 c 0,6,7
 81 -151 81 -151 72 -151 c 0,8,9
 69 -148 69 -148 59 -79.5 c 128,-1,10
 49 -11 49 -11 49 6 c 0,11,12
 49 19 49 19 72 64.5 c 128,-1,0
 95 110 95 110 99.5 122.5 c 128,-1,1
213 379 m 256,13,14
 230 392 230 392 233 392 c 0,15,16
 237 392 237 392 239.5 375 c 128,-1,17
 242 358 242 358 239 350 c 0,18,19
 237 339 237 339 235 298 c 0,20,21
 234 259 234 259 224.5 239.5 c 128,-1,22
 215 220 215 220 184 192 c 0,23,24
 153 165 153 165 146 161.5 c 128,-1,25
 139 158 139 158 132 165 c 0,26,27
 126 170 126 170 124.5 182 c 128,-1,28
 123 194 123 194 123 235 c 0,29,30
 123 298 123 298 126 303 c 0,31,32
 129 307 129 307 162.5 336.5 c 128,-1,33
 196 366 196 366 213 379 c 256,13,14
EndSplineSet
EndChar

StartChar: question
Encoding: 63 63 20
Width: 598
GlyphClass: 1
Flags: W
LayerCount: 2
Fore
SplineSet
233 160 m 0,0,1
 239 168 239 168 241 168 c 0,2,3
 247 168 247 168 235 158 c 0,4,5
 230 154 230 154 229.5 154 c 128,-1,6
 229 154 229 154 233 160 c 0,0,1
308 168 m 0,7,8
 324 178 324 178 327 159 c 0,9,10
 330 146 330 146 330 108 c 0,11,12
 330 64 330 64 323 51 c 128,-1,13
 316 38 316 38 319 33 c 0,14,15
 321 31 321 31 320 30.5 c 128,-1,16
 319 30 319 30 317 32 c 0,17,18
 312 35 312 35 311.5 30 c 128,-1,19
 311 25 311 25 310 20 c 128,-1,20
 309 15 309 15 301 14 c 0,21,22
 295 13 295 13 278.5 0 c 128,-1,23
 262 -13 262 -13 262 -17 c 0,24,25
 261 -21 261 -21 266 -18 c 0,26,27
 269 -16 269 -16 269.5 -16.5 c 128,-1,28
 270 -17 270 -17 269 -20 c 0,29,30
 265 -25 265 -25 261 -22.5 c 128,-1,31
 257 -20 257 -20 254 -25 c 256,32,33
 251 -30 251 -30 243.5 -29 c 128,-1,34
 236 -28 236 -28 231 -22 c 0,35,36
 225 -14 225 -14 225 41 c 2,37,-1
 224 95 l 1,38,-1
 241 110 l 2,39,40
 257 125 257 125 253 128 c 0,41,42
 252 129 252 129 253 129.5 c 128,-1,43
 254 130 254 130 257 129 c 0,44,45
 264 126 264 126 282 146 c 0,46,47
 293 157 293 157 292 158 c 0,48,49
 291 158 291 158 289 156 c 2,50,-1
 277 147 l 1,51,-1
 286 157 l 2,52,53
 295 168 295 168 298 166 c 128,-1,54
 301 164 301 164 308 168 c 0,7,8
118.5 436 m 128,-1,56
 113 443 113 443 115.5 443 c 128,-1,57
 118 443 118 443 123.5 436 c 128,-1,58
 129 429 129 429 126.5 429 c 128,-1,55
 124 429 124 429 118.5 436 c 128,-1,56
304 469 m 2,59,60
 313 480 313 480 314 480 c 0,61,62
 320 480 320 480 306 467 c 2,63,-1
 296 459 l 1,64,-1
 304 469 l 2,59,60
444 476 m 2,65,66
 458 492 458 492 458 487 c 0,67,68
 458 486 458 486 446 475 c 2,69,-1
 433 464 l 1,70,-1
 444 476 l 2,65,66
352 522 m 0,71,72
 362 535 362 535 362 528 c 0,73,74
 362 526 362 526 354 520 c 0,75,76
 349 516 349 516 348.5 516.5 c 128,-1,77
 348 517 348 517 352 522 c 0,71,72
396 566 m 2,78,79
 405 576 405 576 406 576 c 0,80,81
 412 576 412 576 397 564 c 2,82,-1
 387 555 l 1,83,-1
 396 566 l 2,78,79
522 572 m 0,84,85
 528 580 528 580 530 580 c 0,86,87
 536 580 536 580 524 571 c 0,88,89
 519 567 519 567 518.5 567 c 128,-1,90
 518 567 518 567 522 572 c 0,84,85
436 616 m 0,91,92
 442 626 442 626 444.5 624 c 128,-1,93
 447 622 447 622 438 614 c 0,94,95
 432 608 432 608 432 608.5 c 128,-1,96
 432 609 432 609 436 616 c 0,91,92
401 672 m 128,-1,98
 393 681 393 681 395 681 c 128,-1,99
 397 681 397 681 405.5 672 c 128,-1,100
 414 663 414 663 411.5 663 c 128,-1,97
 409 663 409 663 401 672 c 128,-1,98
209.5 794.5 m 128,-1,102
 222 801 222 801 270.5 799 c 128,-1,103
 319 797 319 797 352 796 c 0,104,105
 375 796 375 796 381 794.5 c 128,-1,106
 387 793 387 793 390 785 c 0,107,108
 396 773 396 773 403 774 c 0,109,110
 406 775 406 775 407.5 773.5 c 128,-1,111
 409 772 409 772 409 769 c 0,112,113
 408 763 408 763 411.5 760 c 128,-1,114
 415 757 415 757 428 740 c 128,-1,115
 441 723 441 723 444.5 725 c 128,-1,116
 448 727 448 727 457 717 c 2,117,-1
 465 707 l 1,118,-1
 455 716 l 2,119,120
 445 724 445 724 445 721 c 0,121,122
 444 715 444 715 461 701 c 0,123,124
 476 687 476 687 473 683 c 0,125,126
 472 682 472 682 474 682 c 0,127,128
 475 682 475 682 478 683 c 0,129,130
 486 686 486 686 489 680 c 0,131,132
 490 678 490 678 489.5 677.5 c 128,-1,133
 489 677 489 677 486 679 c 0,134,135
 482 682 482 682 481 679 c 0,136,137
 481 674 481 674 489 667 c 0,138,139
 495 662 495 662 495 664 c 0,140,141
 494 665 494 665 493 667 c 0,142,143
 490 672 490 672 492 672 c 0,144,145
 494 673 494 673 500 664 c 0,146,147
 505 658 505 658 503 659 c 0,148,149
 502 659 502 659 501 660 c 0,150,151
 495 664 495 664 495 661 c 0,152,153
 494 656 494 656 508 643 c 0,154,155
 522 632 522 632 519 628 c 0,156,157
 518 627 518 627 519 627 c 0,158,159
 521 627 521 627 524 628 c 0,160,161
 531 630 531 630 535 625 c 128,-1,162
 539 620 539 620 537 610 c 0,163,164
 535 593 535 593 508 566 c 0,165,166
 501 559 501 559 491 545 c 128,-1,167
 481 531 481 531 481 528 c 256,168,169
 481 525 481 525 489 531 c 0,170,171
 495 535 495 535 495 534.5 c 128,-1,172
 495 534 495 534 491 529 c 0,173,174
 485 521 485 521 481 523 c 0,175,176
 477 526 477 526 454 496.5 c 128,-1,177
 431 467 431 467 433 462 c 0,178,179
 434 460 434 460 433.5 459 c 128,-1,180
 433 458 433 458 431 459 c 0,181,182
 426 462 426 462 415 449 c 0,183,184
 399 432 399 432 404 430 c 0,185,186
 406 430 406 430 409 432 c 2,187,-1
 410 431 l 2,188,189
 409 428 409 428 404 421 c 0,190,191
 393 406 393 406 391 408 c 0,192,193
 388 411 388 411 375 399 c 128,-1,194
 362 387 362 387 362 382 c 0,195,196
 362 378 362 378 368 381 c 1,197,-1
 370 380 l 1,198,199
 366 376 366 376 363 376 c 0,200,201
 354 375 354 375 349 370.5 c 128,-1,202
 344 366 344 366 346 361 c 0,203,204
 347 357 347 357 346 357 c 0,205,206
 343 359 343 359 336 351.5 c 128,-1,207
 329 344 329 344 323 334 c 128,-1,208
 317 324 317 324 318 320 c 0,209,210
 318 317 318 317 316 317 c 0,211,212
 313 319 313 319 309.5 313 c 128,-1,213
 306 307 306 307 304 297 c 128,-1,214
 302 287 302 287 303 277 c 0,215,216
 304 262 304 262 301 262 c 0,217,218
 300 263 300 263 299 261 c 0,219,220
 298 258 298 258 298 254 c 0,221,222
 298 224 298 224 295 212 c 128,-1,223
 292 200 292 200 282 191 c 0,224,225
 268 180 268 180 269 175 c 2,226,-1
 268 173 l 1,227,228
 267 174 267 174 265 176 c 0,229,230
 256 185 256 185 253 181 c 0,231,232
 253 179 253 179 254 177 c 2,233,-1
 255 172 l 1,234,235
 252 173 252 173 247 180 c 2,236,-1
 244 186 l 1,237,238
 245 185 245 185 247 184 c 128,-1,239
 249 183 249 183 250 185.5 c 128,-1,240
 251 188 251 188 251.5 198.5 c 128,-1,241
 252 209 252 209 251.5 226.5 c 128,-1,242
 251 244 251 244 250 276 c 0,243,244
 248 354 248 354 251 376.5 c 128,-1,245
 254 399 254 399 269 419 c 0,246,247
 282 436 282 436 279.5 436.5 c 128,-1,248
 277 437 277 437 283.5 444.5 c 128,-1,249
 290 452 290 452 293 450 c 0,250,251
 297 447 297 447 316 468 c 128,-1,252
 335 489 335 489 332 494 c 0,253,254
 330 497 330 497 331 497 c 256,255,256
 332 497 332 497 333 496 c 0,257,258
 337 494 337 494 379.5 534.5 c 128,-1,259
 422 575 422 575 422 580 c 0,260,261
 422 584 422 584 438 604 c 2,262,-1
 454 623 l 1,263,-1
 443 637 l 2,264,265
 431 652 431 652 426 650 c 0,266,267
 424 650 424 650 423.5 651 c 128,-1,268
 423 652 423 652 424 654 c 0,269,270
 427 658 427 658 408 680 c 128,-1,271
 389 702 389 702 383 702 c 0,272,273
 378 702 378 702 379 707.5 c 128,-1,274
 380 713 380 713 366 728 c 128,-1,275
 352 743 352 743 341 741.5 c 128,-1,276
 330 740 330 740 323 745.5 c 128,-1,277
 316 751 316 751 316 746 c 128,-1,278
 316 741 316 741 292 742 c 0,279,280
 277 743 277 743 272.5 741.5 c 128,-1,281
 268 740 268 740 268 736 c 0,282,283
 268 728 268 728 264 724 c 1,284,-1
 263 726 l 1,285,286
 266 732 266 732 262.5 731 c 128,-1,287
 259 730 259 730 241 722 c 0,288,289
 232 718 232 718 227 714 c 128,-1,290
 222 710 222 710 223 708 c 128,-1,291
 224 706 224 706 222 706 c 0,292,293
 221 706 221 706 218 707 c 0,294,295
 212 710 212 710 186 684 c 2,296,-1
 160 658 l 1,297,-1
 162 558 l 2,298,299
 163 459 163 459 157.5 444 c 128,-1,300
 152 429 152 429 147.5 429 c 128,-1,301
 143 429 143 429 123.5 445.5 c 128,-1,302
 104 462 104 462 97 459 c 0,303,304
 94 459 94 459 94 461 c 0,305,306
 96 465 96 465 84 472.5 c 128,-1,307
 72 480 72 480 66 478 c 0,308,309
 60 475 60 475 57 480 c 0,310,311
 57 483 57 483 58 483 c 0,312,313
 62 480 62 480 62 589 c 0,314,315
 62 720 62 720 71 721 c 0,316,317
 72 721 72 721 74 719 c 0,318,319
 80 714 80 714 91 724 c 0,320,321
 98 729 98 729 99 728 c 0,322,323
 96 724 96 724 97.5 724 c 128,-1,324
 99 724 99 724 105 727 c 0,325,326
 114 732 114 732 114 734.5 c 128,-1,327
 114 737 114 737 109 734 c 0,328,329
 107 732 107 732 106.5 732.5 c 128,-1,330
 106 733 106 733 107 736 c 0,331,332
 110 741 110 741 114.5 738.5 c 128,-1,333
 119 736 119 736 129.5 744.5 c 128,-1,334
 140 753 140 753 148 756 c 128,-1,335
 156 759 156 759 153 764 c 0,336,337
 152 766 152 766 154 767 c 0,338,339
 156 767 156 767 158 766 c 0,340,341
 164 765 164 765 163 768 c 0,342,343
 160 773 160 773 166 776 c 0,344,345
 168 777 168 777 168.5 776.5 c 128,-1,346
 169 776 169 776 168 774 c 0,347,348
 163 767 163 767 172 770 c 0,349,350
 176 772 176 772 184 776 c 0,351,352
 197 783 197 783 194 788 c 0,353,354
 194 790 194 790 194 791 c 1,355,101
 197 788 197 788 209.5 794.5 c 128,-1,102
536 619 m 128,-1,357
 536 621 536 621 531.5 624 c 128,-1,358
 527 627 527 627 527 622 c 128,-1,359
 527 617 527 617 531.5 617 c 128,-1,356
 536 617 536 617 536 619 c 128,-1,357
399 419 m 0,360,361
 403 428 403 428 401.5 429 c 128,-1,362
 400 430 400 430 394 422 c 0,363,364
 388 415 388 415 390.5 412.5 c 128,-1,365
 393 410 393 410 399 419 c 0,360,361
EndSplineSet
EndChar

StartChar: A
Encoding: 65 65 21
Width: 625
GlyphClass: 1
Flags: W
LayerCount: 2
Fore
SplineSet
344 718 m 0,0,1
 375 730 375 730 408 715 c 0,2,3
 440 701 440 701 432 673 c 0,4,5
 428 658 428 658 423 464 c 2,6,-1
 421 399 l 1,7,-1
 436 409 l 2,8,9
 455 422 455 422 497.5 466.5 c 128,-1,10
 540 511 540 511 545 523 c 0,11,12
 555 547 555 547 568 549 c 0,13,14
 578 550 578 550 574 532 c 0,15,16
 568 511 568 511 525.5 464.5 c 128,-1,17
 483 418 483 418 434 381 c 0,18,19
 425 374 425 374 423.5 364.5 c 128,-1,20
 422 355 422 355 422 308 c 0,21,22
 423 245 423 245 426 205 c 0,23,24
 428 177 428 177 431 167 c 128,-1,25
 434 157 434 157 447 138 c 0,26,27
 468 108 468 108 475.5 104 c 128,-1,28
 483 100 483 100 506 107 c 0,29,30
 532 116 532 116 563 145.5 c 128,-1,31
 594 175 594 175 597 167.5 c 128,-1,32
 600 160 600 160 591 147.5 c 128,-1,33
 582 135 582 135 573 114 c 0,34,35
 547 57 547 57 502 12 c 0,36,37
 475 -14 475 -14 471.5 -14 c 128,-1,38
 468 -14 468 -14 434 11 c 0,39,40
 411 28 411 28 393 47 c 128,-1,41
 375 66 375 66 374 74 c 0,42,43
 374 77 374 77 363 95 c 0,44,45
 339 130 339 130 334 252 c 0,46,47
 331 327 331 327 330.5 328 c 128,-1,48
 330 329 330 329 301 326 c 2,49,-1
 271 323 l 1,50,-1
 249 256 l 2,51,52
 227 187 227 187 215.5 160 c 128,-1,53
 204 133 204 133 180 92 c 0,54,55
 156 50 156 50 141.5 34.5 c 128,-1,56
 127 19 127 19 106 13 c 0,57,58
 86 8 86 8 71 16 c 0,59,60
 55 24 55 24 43 35.5 c 128,-1,61
 31 47 31 47 33 53 c 0,62,63
 36 59 36 59 47 66 c 0,64,65
 55 72 55 72 58.5 71.5 c 128,-1,66
 62 71 62 71 71 62 c 0,67,68
 82 52 82 52 96.5 47 c 128,-1,69
 111 42 111 42 120 46 c 0,70,71
 129 49 129 49 149.5 80.5 c 128,-1,72
 170 112 170 112 183 142 c 0,73,74
 209 205 209 205 243 315 c 2,75,-1
 249 334 l 1,76,-1
 233 344 l 2,77,78
 197 367 197 367 185.5 427 c 128,-1,79
 174 487 174 487 196 541 c 0,80,81
 220 599 220 599 245.5 634.5 c 128,-1,82
 271 670 271 670 305 694 c 0,83,84
 326 708 326 708 328 710.5 c 128,-1,85
 330 713 330 713 344 718 c 0,0,1
319 602.5 m 128,-1,87
 329 661 329 661 327 672 c 2,88,-1
 326 683 l 1,89,-1
 310 672 l 2,90,91
 269 643 269 643 239 585.5 c 128,-1,92
 209 528 209 528 212 481 c 0,93,94
 214 419 214 419 241 391 c 0,95,96
 247 384 247 384 251 380.5 c 128,-1,97
 255 377 255 377 258 376.5 c 128,-1,98
 261 376 261 376 262.5 378.5 c 128,-1,99
 264 381 264 381 265 386 c 0,100,101
 268 396 268 396 285 451 c 128,-1,102
 302 506 302 506 304 522 c 128,-1,103
 306 538 306 538 307.5 541 c 128,-1,86
 309 544 309 544 319 602.5 c 128,-1,87
335 462 m 0,104,105
 338 544 338 544 335 545 c 0,106,107
 333 545 333 545 330 526 c 0,108,109
 327 502 327 502 316 474 c 0,110,111
 313 465 313 465 313.5 461.5 c 128,-1,112
 314 458 314 458 299 412 c 2,113,-1
 283 366 l 1,114,-1
 295 362 l 2,115,116
 322 351 322 351 328 368 c 0,117,118
 331 378 331 378 335 462 c 0,104,105
EndSplineSet
EndChar

StartChar: B
Encoding: 66 66 22
Width: 568
GlyphClass: 1
Flags: W
LayerCount: 2
Fore
SplineSet
320 702.5 m 128,-1,1
 337 723 337 723 340.5 723 c 128,-1,2
 344 723 344 723 438 630 c 128,-1,3
 532 537 532 537 532 527.5 c 128,-1,4
 532 518 532 518 512 498 c 128,-1,5
 492 478 492 478 468 464 c 0,6,7
 460 459 460 459 442 444.5 c 128,-1,8
 424 430 424 430 376 392 c 128,-1,9
 328 354 328 354 326 352 c 0,10,11
 325 352 325 352 327 349.5 c 128,-1,12
 329 347 329 347 333.5 342.5 c 128,-1,13
 338 338 338 338 344 334 c 0,14,15
 427 265 427 265 440 251 c 0,16,17
 449 241 449 241 472.5 223 c 128,-1,18
 496 205 496 205 500 205 c 0,19,20
 506 205 506 205 516.5 192 c 128,-1,21
 527 179 527 179 530 169 c 0,22,23
 540 119 540 119 531 102 c 0,24,25
 526 92 526 92 525 86 c 0,26,27
 524 81 524 81 511 63.5 c 128,-1,28
 498 46 498 46 488 38 c 0,29,30
 477 28 477 28 439 13 c 0,31,32
 423 6 423 6 390 4.5 c 128,-1,33
 357 3 357 3 328 7 c 0,34,35
 268 16 268 16 247.5 16 c 128,-1,36
 227 16 227 16 209 8 c 0,37,38
 186 -3 186 -3 154.5 -36 c 128,-1,39
 123 -69 123 -69 102 -106 c 0,40,41
 80 -144 80 -144 76 -143 c 0,42,43
 68 -137 68 -137 71 -118 c 128,-1,44
 74 -99 74 -99 87 -71 c 128,-1,45
 100 -43 100 -43 116 -23 c 2,46,-1
 132 -4 l 1,47,-1
 133 287 l 1,48,-1
 133 577 l 1,49,-1
 121 574 l 2,50,51
 87 566 87 566 64 530 c 0,52,53
 53 512 53 512 48 509 c 128,-1,54
 43 506 43 506 37 514 c 0,55,56
 32 520 32 520 41 558 c 0,57,58
 56 625 56 625 64.5 640 c 128,-1,59
 73 655 73 655 103 670 c 0,60,61
 176 705 176 705 185 705 c 0,62,63
 192 705 192 705 194.5 709 c 128,-1,64
 197 713 197 713 208 715 c 0,65,66
 220 717 220 717 224.5 705.5 c 128,-1,67
 229 694 229 694 229 658 c 0,68,69
 230 556 230 556 233 556 c 0,70,71
 242 565 242 565 285 649 c 0,72,0
 303 682 303 682 320 702.5 c 128,-1,1
369 544 m 0,73,74
 296 618 296 618 293.5 618 c 128,-1,75
 291 618 291 618 260 561 c 2,76,-1
 230 505 l 1,77,-1
 229 413 l 2,78,79
 229 322 229 322 229 314 c 0,80,81
 229 308 229 308 248 321 c 0,82,83
 267 335 267 335 374 418 c 0,84,85
 433 464 433 464 438 467 c 0,86,87
 439 468 439 468 431 478 c 128,-1,88
 423 488 423 488 407 505 c 128,-1,89
 391 522 391 522 369 544 c 0,73,74
342.5 171 m 128,-1,91
 277 222 277 222 254 240.5 c 128,-1,92
 231 259 231 259 229 257 c 128,-1,93
 227 255 227 255 230.5 222 c 128,-1,94
 234 189 234 189 234.5 169.5 c 128,-1,95
 235 150 235 150 241 150 c 0,96,97
 244 150 244 150 244.5 148.5 c 128,-1,98
 245 147 245 147 243.5 141 c 128,-1,99
 242 135 242 135 237.5 126 c 128,-1,100
 233 117 233 117 225 99 c 0,101,102
 210 69 210 69 206 59 c 2,103,-1
 202 49 l 1,104,-1
 217 57 l 2,105,106
 232 65 232 65 300.5 65 c 128,-1,107
 369 65 369 65 382 72 c 0,108,109
 392 77 392 77 400 90 c 128,-1,110
 408 103 408 103 408 113 c 0,111,90
 408 120 408 120 342.5 171 c 128,-1,91
EndSplineSet
EndChar

StartChar: C
Encoding: 67 67 23
Width: 558
GlyphClass: 1
Flags: W
LayerCount: 2
Fore
SplineSet
188.5 698.5 m 128,-1,1
 198 708 198 708 210.5 703.5 c 128,-1,2
 223 699 223 699 225.5 695 c 128,-1,3
 228 691 228 691 260 675 c 0,4,5
 318 644 318 644 395 645.5 c 128,-1,6
 472 647 472 647 508 679 c 0,7,8
 521 691 521 691 534 698 c 128,-1,9
 547 705 547 705 550 702 c 0,10,11
 556 696 556 696 502 609.5 c 128,-1,12
 448 523 448 523 440 526 c 0,13,14
 434 528 434 528 421 521 c 0,15,16
 407 514 407 514 354 514.5 c 128,-1,17
 301 515 301 515 269 522 c 0,18,19
 237 530 237 530 201.5 548 c 128,-1,20
 166 566 166 566 159 566 c 0,21,22
 154 566 154 566 153 530.5 c 128,-1,23
 152 495 152 495 152 347 c 0,24,25
 152 177 152 177 155 134.5 c 128,-1,26
 158 92 158 92 172 74 c 0,27,28
 180 61 180 61 208.5 46.5 c 128,-1,29
 237 32 237 32 244 36 c 0,30,31
 247 38 247 38 276 39 c 0,32,33
 325 41 325 41 357.5 55 c 128,-1,34
 390 69 390 69 414 99 c 0,35,36
 432 121 432 121 445.5 142.5 c 128,-1,37
 459 164 459 164 459 169 c 0,38,39
 459 176 459 176 471.5 190 c 128,-1,40
 484 204 484 204 490 204 c 0,41,42
 493 204 493 204 494.5 202.5 c 128,-1,43
 496 201 496 201 495 196.5 c 128,-1,44
 494 192 494 192 491 185 c 128,-1,45
 488 178 488 178 481 164 c 0,46,47
 458 115 458 115 424 76.5 c 128,-1,48
 390 38 390 38 360 25 c 0,49,50
 345 19 345 19 340 12 c 0,51,52
 321 -10 321 -10 240.5 -7.5 c 128,-1,53
 160 -5 160 -5 110 20 c 0,54,55
 94 29 94 29 78 53 c 0,56,57
 77 54 77 54 76 56 c 0,58,59
 54 88 54 88 50.5 115 c 128,-1,60
 47 142 47 142 47 272 c 0,61,62
 47 281 47 281 47 285 c 0,63,64
 47 459 47 459 49.5 473 c 128,-1,65
 52 487 52 487 91 539 c 0,66,67
 126 586 126 586 140.5 609 c 128,-1,68
 155 632 155 632 170 668 c 0,69,0
 179 689 179 689 188.5 698.5 c 128,-1,1
EndSplineSet
EndChar

StartChar: D
Encoding: 68 68 24
Width: 641
GlyphClass: 1
Flags: W
LayerCount: 2
Fore
SplineSet
402 281.5 m 128,-1,1
 402 284 402 284 407 284 c 128,-1,2
 412 284 412 284 412 278.5 c 128,-1,3
 412 273 412 273 407 276 c 128,-1,0
 402 279 402 279 402 281.5 c 128,-1,1
204 759 m 0,4,5
 216 761 216 761 220 743.5 c 128,-1,6
 224 726 224 726 225 666 c 0,7,8
 225 568 225 568 234 568 c 0,9,10
 237 568 237 568 307 642 c 0,11,12
 352 688 352 688 364 703 c 128,-1,13
 376 718 376 718 373 724 c 0,14,15
 368 733 368 733 373 733 c 128,-1,16
 378 733 378 733 378 727.5 c 128,-1,17
 378 722 378 722 389 725.5 c 128,-1,18
 400 729 400 729 405.5 729.5 c 128,-1,19
 411 730 411 730 488 570.5 c 128,-1,20
 565 411 565 411 570.5 401 c 128,-1,21
 576 391 576 391 576.5 388.5 c 128,-1,22
 577 386 577 386 586.5 368.5 c 128,-1,23
 596 351 596 351 597 316 c 0,24,25
 598 294 598 294 594.5 277.5 c 128,-1,26
 591 261 591 261 580 226 c 0,27,28
 561 169 561 169 546 141 c 128,-1,29
 531 113 531 113 506 88 c 2,30,-1
 477 60 l 1,31,-1
 475 57 l 1,32,-1
 472 57 l 1,33,34
 453 52 453 52 454 46 c 0,35,36
 455 43 455 43 460 47 c 1,37,38
 460 53 460 53 458.5 53 c 128,-1,39
 457 53 457 53 451 48 c 0,40,41
 422 23 422 23 349 12 c 0,42,43
 299 5 299 5 280 0 c 0,44,45
 216 -15 216 -15 204 -23 c 0,46,47
 194 -29 194 -29 173 -35.5 c 128,-1,48
 152 -42 152 -42 138 -60 c 128,-1,49
 124 -78 124 -78 121 -72 c 0,50,51
 118 -67 118 -67 107.5 -75.5 c 128,-1,52
 97 -84 97 -84 86.5 -99 c 128,-1,53
 76 -114 76 -114 73 -125 c 0,54,55
 68 -141 68 -141 57 -151.5 c 128,-1,56
 46 -162 46 -162 38 -157 c 0,57,58
 26 -149 26 -149 48.5 -105.5 c 128,-1,59
 71 -62 71 -62 100 -38 c 2,60,-1
 124 -20 l 1,61,-1
 124 295 l 1,62,-1
 125 609 l 1,63,-1
 112 606 l 2,64,65
 76 597 76 597 53 557 c 0,66,67
 42 538 42 538 36.5 535 c 128,-1,68
 31 532 31 532 25 540 c 0,69,70
 19 547 19 547 28 589 c 0,71,72
 36 622 36 622 40 637 c 128,-1,73
 44 652 44 652 48.5 666.5 c 128,-1,74
 53 681 53 681 59.5 687 c 128,-1,75
 66 693 66 693 72.5 697.5 c 128,-1,76
 79 702 79 702 93 709 c 0,77,78
 170 748 170 748 178 748 c 0,79,80
 185 748 185 748 189.5 752.5 c 128,-1,81
 194 757 194 757 204 759 c 0,4,5
397 465 m 128,-1,83
 318 623 318 623 316 622.5 c 128,-1,84
 314 622 314 622 270 574 c 2,85,-1
 226 526 l 1,86,-1
 225 426 l 2,87,88
 225 326 225 326 228 296 c 128,-1,89
 231 266 231 266 226.5 263 c 128,-1,90
 222 260 222 260 226 223.5 c 128,-1,91
 230 187 230 187 230.5 165.5 c 128,-1,92
 231 144 231 144 238 144 c 0,93,94
 244 144 244 144 237 127 c 0,95,96
 232 115 232 115 213 72 c 0,97,98
 191 22 191 22 184 14 c 0,99,100
 178 7 178 7 180 7 c 256,101,102
 182 7 182 7 192 10 c 0,103,104
 208 15 208 15 212 21 c 128,-1,105
 216 27 216 27 216 24 c 0,106,107
 216 23 216 23 224 26.5 c 128,-1,108
 232 30 232 30 246 37 c 128,-1,109
 260 44 260 44 277 52 c 0,110,111
 338 84 338 84 344 85 c 0,112,113
 354 85 354 85 386 111.5 c 128,-1,114
 418 138 418 138 436 161 c 0,115,116
 457 189 457 189 468.5 222 c 128,-1,117
 480 255 480 255 478 283 c 0,118,82
 476 307 476 307 397 465 c 128,-1,83
EndSplineSet
EndChar

StartChar: E
Encoding: 69 69 25
Width: 664
GlyphClass: 1
Flags: W
LayerCount: 2
Fore
SplineSet
225 713 m 0,0,1
 239 721 239 721 240 721 c 0,2,3
 242 721 242 721 252 715.5 c 128,-1,4
 262 710 262 710 264 707 c 256,5,6
 266 704 266 704 298 688 c 0,7,8
 357 657 357 657 433.5 658.5 c 128,-1,9
 510 660 510 660 546 692 c 0,10,11
 560 704 560 704 572.5 711 c 128,-1,12
 585 718 585 718 588 715 c 0,13,14
 594 709 594 709 540 622.5 c 128,-1,15
 486 536 486 536 478 539 c 0,16,17
 473 541 473 541 459 534 c 0,18,19
 444 526 444 526 388.5 527.5 c 128,-1,20
 333 529 333 529 300 537 c 0,21,22
 264 546 264 546 252 554 c 128,-1,23
 240 562 240 562 236 558 c 0,24,25
 227 549 227 549 234 446 c 0,26,27
 237 403 237 403 242 392.5 c 128,-1,28
 247 382 247 382 272 367 c 0,29,30
 295 352 295 352 333 343.5 c 128,-1,31
 371 335 371 335 404 336 c 0,32,33
 428 336 428 336 508 392 c 0,34,35
 520 400 520 400 522.5 398.5 c 128,-1,36
 525 397 525 397 521 384 c 0,37,38
 516 370 516 370 495 357 c 0,39,40
 451 328 451 328 435.5 319.5 c 128,-1,41
 420 311 420 311 403 306 c 0,42,43
 379 299 379 299 371 301 c 128,-1,44
 363 303 363 303 344 306 c 0,45,46
 292 313 292 313 257 333 c 2,47,-1
 236 345 l 1,48,-1
 236 335 l 2,49,50
 233 255 233 255 240 173 c 0,51,52
 244 138 244 138 243 127 c 128,-1,53
 242 116 242 116 235 100 c 0,54,55
 226 77 226 77 221 70 c 0,56,57
 219 66 219 66 220 66 c 0,58,59
 225 69 225 69 247 79 c 0,60,61
 274 91 274 91 298.5 89 c 128,-1,62
 323 87 323 87 381 70 c 0,63,64
 425 56 425 56 436.5 53 c 128,-1,65
 448 50 448 50 475 47 c 0,66,67
 507 43 507 43 521.5 46.5 c 128,-1,68
 536 50 536 50 563 68 c 0,69,70
 586 83 586 83 590 88.5 c 128,-1,71
 594 94 594 94 593 105 c 0,72,73
 589 127 589 127 614 135 c 0,74,75
 619 137 619 137 620.5 134.5 c 128,-1,76
 622 132 622 132 622 122 c 0,77,78
 622 106 622 106 613 89 c 0,79,80
 607 77 607 77 581 55 c 128,-1,81
 555 33 555 33 546 33 c 0,82,83
 540 33 540 33 538 27 c 0,84,85
 535 19 535 19 511 15 c 128,-1,86
 487 11 487 11 459 15 c 0,87,88
 419 20 419 20 344 45 c 0,89,90
 238 79 238 79 187 6 c 0,91,92
 168 -21 168 -21 147.5 -43 c 128,-1,93
 127 -65 127 -65 124 -57.5 c 128,-1,94
 121 -50 121 -50 130 -30 c 0,95,96
 137 -16 137 -16 138 27.5 c 128,-1,97
 139 71 139 71 140 280 c 2,98,-1
 140 571 l 1,99,-1
 128 568 l 2,100,101
 94 560 94 560 71 523 c 0,102,103
 60 506 60 506 55.5 503 c 128,-1,104
 51 500 51 500 44 507 c 0,105,106
 39 514 39 514 48 552 c 0,107,108
 63 619 63 619 71.5 634 c 128,-1,109
 80 649 80 649 110 663 c 0,110,111
 183 698 183 698 190 698 c 128,-1,112
 197 698 197 698 225 713 c 0,0,1
EndSplineSet
EndChar

StartChar: F
Encoding: 70 70 26
Width: 583
GlyphClass: 1
Flags: W
LayerCount: 2
Fore
SplineSet
200 695 m 0,0,1
 214 703 214 703 215 703 c 0,2,3
 217 703 217 703 227 697.5 c 128,-1,4
 237 692 237 692 239 689 c 256,5,6
 241 686 241 686 273 670 c 0,7,8
 332 639 332 639 408.5 640.5 c 128,-1,9
 485 642 485 642 521 674 c 0,10,11
 535 686 535 686 547.5 693 c 128,-1,12
 560 700 560 700 563 697 c 0,13,14
 569 691 569 691 515 604.5 c 128,-1,15
 461 518 461 518 453 521 c 0,16,17
 448 523 448 523 434 516 c 0,18,19
 419 508 419 508 363.5 509.5 c 128,-1,20
 308 511 308 511 275 519 c 0,21,22
 239 528 239 528 227 536 c 128,-1,23
 215 544 215 544 211 540 c 0,24,25
 202 531 202 531 209 428 c 0,26,27
 212 385 212 385 217 374.5 c 128,-1,28
 222 364 222 364 247 349 c 0,29,30
 270 334 270 334 308 325.5 c 128,-1,31
 346 317 346 317 379 318 c 0,32,33
 403 318 403 318 483 374 c 0,34,35
 495 382 495 382 497.5 380.5 c 128,-1,36
 500 379 500 379 496 366 c 0,37,38
 491 352 491 352 470 339 c 0,39,40
 426 310 426 310 410.5 301.5 c 128,-1,41
 395 293 395 293 378 288 c 0,42,43
 354 281 354 281 346 283 c 128,-1,44
 338 285 338 285 319 288 c 0,45,46
 267 295 267 295 232 315 c 2,47,-1
 211 327 l 1,48,-1
 211 317 l 2,49,50
 208 237 208 237 215 155 c 0,51,52
 219 120 219 120 218 109 c 128,-1,53
 217 98 217 98 210 82 c 0,54,55
 201 59 201 59 196 52 c 0,56,57
 193 48 193 48 193.5 48 c 128,-1,58
 194 48 194 48 201 51 c 0,59,60
 215 59 215 59 214 53 c 256,61,62
 213 47 213 47 192 25 c 0,63,64
 167 -1 167 -1 151.5 -24 c 128,-1,65
 136 -47 136 -47 124 -59 c 2,66,-1
 113 -71 l 1,67,-1
 114 241 l 1,68,-1
 116 553 l 1,69,-1
 103 550 l 2,70,71
 69 542 69 542 46 505 c 0,72,73
 35 488 35 488 30.5 485 c 128,-1,74
 26 482 26 482 19 489 c 0,75,76
 14 496 14 496 23 534 c 0,77,78
 38 601 38 601 46.5 616 c 128,-1,79
 55 631 55 631 85 645 c 0,80,81
 158 680 158 680 165 680 c 128,-1,82
 172 680 172 680 200 695 c 0,0,1
EndSplineSet
EndChar

StartChar: G
Encoding: 71 71 27
Width: 592
GlyphClass: 1
Flags: W
LayerCount: 2
Fore
SplineSet
197 712.5 m 128,-1,1
 206 722 206 722 219 717.5 c 128,-1,2
 232 713 232 713 234 709 c 128,-1,3
 236 705 236 705 268 689 c 0,4,5
 327 658 327 658 403.5 659.5 c 128,-1,6
 480 661 480 661 516 693 c 0,7,8
 530 705 530 705 542.5 712 c 128,-1,9
 555 719 555 719 558 716 c 0,10,11
 564 710 564 710 510 623.5 c 128,-1,12
 456 537 456 537 448 540 c 0,13,14
 443 542 443 542 429 535 c 256,15,16
 415 528 415 528 362 528.5 c 128,-1,17
 309 529 309 529 277 536 c 0,18,19
 245 544 245 544 210 562 c 128,-1,20
 175 580 175 580 167 580 c 0,21,22
 162 580 162 580 161 544.5 c 128,-1,23
 160 509 160 509 160 361 c 0,24,25
 161 141 161 141 166 121 c 0,26,27
 172 95 172 95 186.5 80 c 128,-1,28
 201 65 201 65 232 55 c 0,29,30
 247 49 247 49 290 55 c 0,31,32
 318 60 318 60 330.5 64.5 c 128,-1,33
 343 69 343 69 363 82 c 0,34,35
 393 103 393 103 409 120 c 0,36,37
 428 140 428 140 440 183 c 128,-1,38
 452 226 452 226 442 236 c 0,39,40
 437 241 437 241 412 244 c 2,41,-1
 388 246 l 1,42,-1
 377 226 l 2,43,44
 367 205 367 205 367 197 c 0,45,46
 367 184 367 184 357 166 c 128,-1,47
 347 148 347 148 341 150 c 0,48,49
 334 151 334 151 323.5 182 c 128,-1,50
 313 213 313 213 310 239 c 0,51,52
 307 259 307 259 303 268 c 0,53,54
 289 293 289 293 311 308 c 0,55,56
 319 314 319 314 335.5 316 c 128,-1,57
 352 318 352 318 404 320 c 0,58,59
 484 324 484 324 509 326 c 2,60,-1
 533 328 l 1,61,-1
 530 313 l 2,62,63
 527 298 527 298 524.5 279.5 c 128,-1,64
 522 261 522 261 518 252 c 128,-1,65
 514 243 514 243 501 203 c 0,66,67
 489 169 489 169 463.5 126 c 128,-1,68
 438 83 438 83 416 60 c 0,69,70
 396 40 396 40 361 23 c 0,71,72
 336 11 336 11 324 9 c 128,-1,73
 312 7 312 7 270 7 c 0,74,75
 213 7 213 7 174 16 c 0,76,77
 134 27 134 27 117 36.5 c 128,-1,78
 100 46 100 46 86 67 c 0,79,80
 85 68 85 68 84 70 c 0,81,82
 63 102 63 102 59 129 c 128,-1,83
 55 156 55 156 55 286 c 0,84,85
 55 295 55 295 55 299 c 0,86,87
 55 473 55 473 57.5 487 c 128,-1,88
 60 501 60 501 100 553 c 0,89,90
 135 600 135 600 149 623 c 128,-1,91
 163 646 163 646 178 682 c 0,92,0
 188 703 188 703 197 712.5 c 128,-1,1
EndSplineSet
EndChar

StartChar: H
Encoding: 72 72 28
Width: 685
GlyphClass: 1
Flags: W
LayerCount: 2
Fore
SplineSet
217.5 756.5 m 128,-1,1
 227 758 227 758 232 749 c 0,2,3
 236 742 236 742 238 678.5 c 128,-1,4
 240 615 240 615 238 541 c 0,5,6
 237 485 237 485 244 485 c 0,7,8
 281 483 281 483 307 476 c 0,9,10
 323 472 323 472 327 471 c 0,11,12
 337 469 337 469 367.5 451 c 128,-1,13
 398 433 398 433 412 421 c 0,14,15
 433 403 433 403 434.5 404.5 c 128,-1,16
 436 406 436 406 435 483 c 0,17,18
 431 728 431 728 441 749 c 0,19,20
 445 759 445 759 456 757 c 128,-1,21
 467 755 467 755 469.5 750.5 c 128,-1,22
 472 746 472 746 480 746 c 0,23,24
 489 746 489 746 562 711 c 0,25,26
 591 697 591 697 599.5 682 c 128,-1,27
 608 667 608 667 624 600 c 0,28,29
 633 562 633 562 628 555 c 0,30,31
 621 548 621 548 616 551 c 128,-1,32
 611 554 611 554 600 571 c 0,33,34
 578 608 578 608 544 616 c 2,35,-1
 531 619 l 1,36,-1
 532 328 l 1,37,-1
 533 38 l 1,38,-1
 548 18 l 2,39,40
 581 -22 581 -22 591 -66 c 0,41,42
 598 -96 598 -96 588 -94 c 0,43,44
 579 -92 579 -92 563 -65 c 0,45,46
 546 -36 546 -36 522.5 -4.5 c 128,-1,47
 499 27 499 27 466 92 c 2,48,-1
 432 157 l 1,49,-1
 436 235 l 2,50,51
 439 315 439 315 435.5 334 c 128,-1,52
 432 353 432 353 411 374 c 0,53,54
 379 405 379 405 336.5 425.5 c 128,-1,55
 294 446 294 446 257 449 c 2,56,-1
 238 450 l 1,57,-1
 236 379 l 2,58,59
 235 308 235 308 238 233 c 2,60,-1
 241 157 l 1,61,-1
 208 92 l 2,62,63
 174 27 174 27 150.5 -4.5 c 128,-1,64
 127 -36 127 -36 110 -65 c 0,65,66
 88 -103 88 -103 81 -92 c 0,67,68
 78 -86 78 -86 83 -66 c 0,69,70
 93 -22 93 -22 125 18 c 2,71,-1
 141 38 l 1,72,-1
 141 239 l 1,73,-1
 142 441 l 1,74,-1
 130 428 l 2,75,76
 119 416 119 416 119 391 c 128,-1,77
 119 366 119 366 126 361 c 0,78,79
 138 351 138 351 125 338 c 0,80,81
 111 321 111 321 98 340 c 0,82,83
 85 360 85 360 93 395 c 128,-1,84
 101 430 101 430 125 453 c 2,85,-1
 142 469 l 1,86,-1
 142 544 l 1,87,-1
 142 619 l 1,88,-1
 129 616 l 2,89,90
 95 608 95 608 73 571 c 0,91,92
 62 554 62 554 57 551 c 128,-1,93
 52 548 52 548 46 555 c 256,94,95
 40 562 40 562 49 600 c 0,96,97
 65 667 65 667 73.5 682 c 128,-1,98
 82 697 82 697 111 711 c 0,99,100
 185 746 185 746 193 746 c 0,101,102
 200 746 200 746 204 750.5 c 128,-1,0
 208 755 208 755 217.5 756.5 c 128,-1,1
EndSplineSet
EndChar

StartChar: I
Encoding: 73 73 29
Width: 445
GlyphClass: 1
Flags: W
LayerCount: 2
Fore
SplineSet
380 753 m 0,0,1
 405 776 405 776 405 761 c 0,2,3
 405 757 405 757 403 750 c 0,4,5
 393 725 393 725 365.5 690 c 128,-1,6
 338 655 338 655 326 653 c 0,7,8
 316 651 316 651 303 644.5 c 128,-1,9
 290 638 290 638 277 635 c 0,10,11
 268 632 268 632 266.5 627 c 128,-1,12
 265 622 265 622 265 596 c 0,13,14
 265 561 265 561 261 529 c 128,-1,15
 257 497 257 497 260 484 c 0,16,17
 264 470 264 470 265 322 c 0,18,19
 266 309 266 309 265 270.5 c 128,-1,20
 264 232 264 232 266.5 228.5 c 128,-1,21
 269 225 269 225 270 200 c 128,-1,22
 271 175 271 175 275.5 172 c 128,-1,23
 280 169 280 169 275 154 c 128,-1,24
 270 139 270 139 269.5 105.5 c 128,-1,25
 269 72 269 72 267 68 c 0,26,27
 266 67 266 67 271 64 c 0,28,29
 296 54 296 54 327 56 c 0,30,31
 329 56 329 56 331 56 c 0,32,33
 362 62 362 62 387 86 c 0,34,35
 411 109 411 109 413 94 c 0,36,37
 414 85 414 85 402 64 c 0,38,39
 379 24 379 24 338 9.5 c 128,-1,40
 297 -5 297 -5 246 8 c 0,41,42
 205 20 205 20 178 3 c 0,43,44
 162 -6 162 -6 159 -2 c 0,45,46
 158 1 158 1 141 -9 c 128,-1,47
 124 -19 124 -19 102.5 -34 c 128,-1,48
 81 -49 81 -49 67 -60 c 0,49,50
 51 -75 51 -75 44 -75 c 256,51,52
 37 -75 37 -75 43 -62 c 0,53,54
 45 -58 45 -58 48 -51 c 0,55,56
 71 -8 71 -8 134 33 c 0,57,58
 161 52 161 52 164.5 56.5 c 128,-1,59
 168 61 168 61 168 331 c 2,60,-1
 168 601 l 1,61,-1
 155 598 l 2,62,63
 122 590 122 590 99 553 c 0,64,65
 89 535 89 535 84 532.5 c 128,-1,66
 79 530 79 530 72 537 c 0,67,68
 67 544 67 544 76 582 c 0,69,70
 92 649 92 649 100.5 664 c 128,-1,71
 109 679 109 679 138 693 c 0,72,73
 211 728 211 728 218 728 c 0,74,75
 223 728 223 728 232 732 c 0,76,77
 255 744 255 744 264 745.5 c 128,-1,78
 273 747 273 747 298 742 c 0,79,80
 336 735 336 735 349.5 737 c 128,-1,81
 363 739 363 739 380 753 c 0,0,1
EndSplineSet
EndChar

StartChar: J
Encoding: 74 74 30
Width: 439
GlyphClass: 1
Flags: W
LayerCount: 2
Fore
SplineSet
322.5 772.5 m 128,-1,1
 339 779 339 779 344 779 c 0,2,3
 351 779 351 779 353 755 c 128,-1,4
 355 731 355 731 354 658 c 0,5,6
 353 561 353 561 354 545 c 0,7,8
 356 368 356 368 360 369 c 2,9,-1
 362 367 l 2,10,11
 362 363 362 363 361 356 c 0,12,13
 356 335 356 335 358 277.5 c 128,-1,14
 360 220 360 220 366 211 c 0,15,16
 369 206 369 206 360 156 c 128,-1,17
 351 106 351 106 342 78 c 0,18,19
 333 51 333 51 311.5 16.5 c 128,-1,20
 290 -18 290 -18 274 -33 c 0,21,22
 260 -46 260 -46 236.5 -55 c 128,-1,23
 213 -64 213 -64 196 -62 c 0,24,25
 164 -58 164 -58 117.5 -18.5 c 128,-1,26
 71 21 71 21 42 69 c 0,27,28
 28 93 28 93 25.5 106.5 c 128,-1,29
 23 120 23 120 32 131 c 0,30,31
 49 156 49 156 53 124 c 0,32,33
 56 106 56 106 64 94 c 0,34,35
 71 85 71 85 87.5 73 c 128,-1,36
 104 61 104 61 108 63 c 0,37,38
 112 64 112 64 112 59 c 0,39,40
 112 51 112 51 155 47 c 0,41,42
 178 45 178 45 192 41 c 0,43,44
 213 36 213 36 222 39 c 128,-1,45
 231 42 231 42 241 59 c 0,46,47
 256 84 256 84 261 133.5 c 128,-1,48
 266 183 266 183 265 316 c 0,49,50
 264 470 264 470 263 556 c 0,51,52
 263 619 263 619 261.5 630.5 c 128,-1,53
 260 642 260 642 253 642 c 0,54,55
 240 642 240 642 223.5 629.5 c 128,-1,56
 207 617 207 617 195 600 c 0,57,58
 189 590 189 590 183 584 c 128,-1,59
 177 578 177 578 174 579 c 0,60,61
 167 581 167 581 171.5 614 c 128,-1,62
 176 647 176 647 187 678 c 0,63,64
 188 681 188 681 192 695 c 0,65,66
 194 706 194 706 207.5 718.5 c 128,-1,67
 221 731 221 731 240 738 c 0,68,69
 256 744 256 744 281 755 c 128,-1,0
 306 766 306 766 322.5 772.5 c 128,-1,1
EndSplineSet
EndChar

StartChar: K
Encoding: 75 75 31
Width: 650
GlyphClass: 1
Flags: W
LayerCount: 2
Fore
SplineSet
223 750 m 0,0,1
 230 751 230 751 233.5 747.5 c 128,-1,2
 237 744 237 744 239.5 732 c 128,-1,3
 242 720 242 720 243 699.5 c 128,-1,4
 244 679 244 679 245 644 c 0,5,6
 246 569 246 569 245.5 554 c 128,-1,7
 245 539 245 539 241 500 c 0,8,9
 237 459 237 459 240.5 445 c 128,-1,10
 244 431 244 431 242 425 c 0,11,12
 237 410 237 410 252 421 c 0,13,14
 270 435 270 435 327 499 c 0,15,16
 456 642 456 642 470 648 c 0,17,18
 478 651 478 651 477 642 c 0,19,20
 475 616 475 616 445 575 c 0,21,22
 442 572 442 572 440 569 c 0,23,24
 426 553 426 553 405.5 520.5 c 128,-1,25
 385 488 385 488 357 456 c 0,26,27
 336 432 336 432 333 422 c 128,-1,28
 330 412 330 412 338 398 c 0,29,30
 341 393 341 393 352 360 c 128,-1,31
 363 327 363 327 378.5 291 c 128,-1,32
 394 255 394 255 395.5 241 c 128,-1,33
 397 227 397 227 401 224 c 0,34,35
 406 221 406 221 424.5 182.5 c 128,-1,36
 443 144 443 144 442 140 c 256,37,38
 441 136 441 136 446 136 c 128,-1,39
 451 136 451 136 451 127 c 0,40,41
 451 116 451 116 479 87.5 c 128,-1,42
 507 59 507 59 516 61 c 0,43,44
 526 64 526 64 553 55.5 c 128,-1,45
 580 47 580 47 589 47 c 128,-1,46
 598 47 598 47 598 39 c 0,47,48
 598 28 598 28 589 12.5 c 128,-1,49
 580 -3 580 -3 572 -6 c 0,50,51
 561 -10 561 -10 483 -10 c 2,52,-1
 404 -10 l 1,53,-1
 401 9 l 2,54,55
 397 36 397 36 289 301 c 0,56,57
 270 347 270 347 270 352 c 0,58,59
 270 363 270 363 258 352 c 0,60,61
 256 350 256 350 253 347 c 0,62,63
 247 339 247 339 244 308.5 c 128,-1,64
 241 278 241 278 245 265 c 0,65,66
 249 254 249 254 246 224 c 128,-1,67
 243 194 243 194 246.5 155.5 c 128,-1,68
 250 117 250 117 250.5 93.5 c 128,-1,69
 251 70 251 70 256 70 c 0,70,71
 267 70 267 70 237 0 c 0,72,73
 214 -54 214 -54 195 -77.5 c 128,-1,74
 176 -101 176 -101 170 -116 c 0,75,76
 165 -130 165 -130 152.5 -148.5 c 128,-1,77
 140 -167 140 -167 136 -167 c 0,78,79
 134 -167 134 -167 133 -156 c 128,-1,80
 132 -145 132 -145 133 -133.5 c 128,-1,81
 134 -122 134 -122 137 -121 c 0,82,83
 141 -117 141 -117 142 233 c 2,84,-1
 143 584 l 1,85,-1
 129 581 l 2,86,87
 93 571 93 571 69 527 c 0,88,89
 57 506 57 506 52 502.5 c 128,-1,90
 47 499 47 499 40 508 c 0,91,92
 34 516 34 516 44 562 c 0,93,94
 56 620 56 620 62.5 641 c 128,-1,95
 69 662 69 662 78 672.5 c 128,-1,96
 87 683 87 683 110 695 c 0,97,98
 188 737 188 737 197 737 c 0,99,100
 204 737 204 737 208.5 742 c 128,-1,101
 213 747 213 747 223 750 c 0,0,1
EndSplineSet
EndChar

StartChar: L
Encoding: 76 76 32
Width: 748
GlyphClass: 1
Flags: W
LayerCount: 2
Fore
SplineSet
212 741 m 0,0,1
 225 743 225 743 228.5 726 c 128,-1,2
 232 709 232 709 233 652 c 0,3,4
 234 589 234 589 233.5 576.5 c 128,-1,5
 233 564 233 564 229 532 c 0,6,7
 225 497 225 497 229 484 c 0,8,9
 233 470 233 470 234 321 c 0,10,11
 234 307 234 307 233.5 268.5 c 128,-1,12
 233 230 233 230 235 226.5 c 128,-1,13
 237 223 237 223 238 196.5 c 128,-1,14
 239 170 239 170 244 170 c 0,15,16
 255 170 255 170 238 138 c 0,17,18
 228 119 228 119 224 107 c 0,19,20
 221 99 221 99 221.5 98 c 128,-1,21
 222 97 222 97 229 101 c 0,22,23
 238 106 238 106 243 103 c 128,-1,24
 248 100 248 100 253.5 104.5 c 128,-1,25
 259 109 259 109 284 111.5 c 128,-1,26
 309 114 309 114 312 119 c 0,27,28
 314 123 314 123 348.5 122.5 c 128,-1,29
 383 122 383 122 411 117 c 0,30,31
 426 115 426 115 450 103.5 c 128,-1,32
 474 92 474 92 474 87 c 0,33,34
 474 83 474 83 484.5 80 c 128,-1,35
 495 77 495 77 502 71 c 0,36,37
 511 64 511 64 532.5 60 c 128,-1,38
 554 56 554 56 566 59 c 0,39,40
 588 66 588 66 612 93.5 c 128,-1,41
 636 121 636 121 671 182 c 0,42,43
 681 200 681 200 694 213 c 128,-1,44
 707 226 707 226 714 226 c 0,45,46
 731 226 731 226 697 161 c 0,47,48
 695 157 695 157 693 152 c 0,49,50
 671 112 671 112 655 82 c 0,51,52
 624 24 624 24 600 11 c 0,53,54
 587 4 587 4 571 -4 c 0,55,56
 548 -16 548 -16 494 -10 c 128,-1,57
 440 -4 440 -4 377 18 c 0,58,59
 300 45 300 45 261 36 c 0,60,61
 245 32 245 32 230.5 29.5 c 128,-1,62
 216 27 216 27 198 19 c 128,-1,63
 180 11 180 11 176.5 12 c 128,-1,64
 173 13 173 13 152 -7.5 c 128,-1,65
 131 -28 131 -28 125 -26 c 0,66,67
 115 -22 115 -22 94 -62 c 0,68,69
 88 -75 88 -75 79 -74 c 0,70,71
 56 -71 56 -71 77 -36 c 0,72,73
 89 -16 89 -16 112 5 c 2,74,-1
 135 26 l 1,75,-1
 136 314 l 1,76,-1
 137 602 l 1,77,-1
 124 599 l 2,78,79
 89 591 89 591 67 554 c 0,80,81
 56 536 56 536 51 533 c 128,-1,82
 46 530 46 530 39 538 c 0,83,84
 34 545 34 545 43 583 c 0,85,86
 59 650 59 650 67.5 665.5 c 128,-1,87
 76 681 76 681 106 695 c 0,88,89
 180 731 180 731 188 731 c 0,90,91
 194 731 194 731 198.5 735 c 128,-1,92
 203 739 203 739 212 741 c 0,0,1
EndSplineSet
EndChar

StartChar: M
Encoding: 77 77 33
Width: 812
GlyphClass: 1
Flags: W
LayerCount: 2
Fore
SplineSet
676 711 m 0,0,1
 683 714 683 714 685 714 c 128,-1,2
 687 714 687 714 720 677 c 0,3,4
 767 622 767 622 790 622 c 0,5,6
 801 622 801 622 801 616 c 0,7,8
 801 609 801 609 791 594.5 c 128,-1,9
 781 580 781 580 777 581 c 0,10,11
 769 581 769 581 750 590.5 c 128,-1,12
 731 600 731 600 725 607 c 0,13,14
 716 618 716 618 713 613 c 128,-1,15
 710 608 710 608 712 349 c 2,16,-1
 713 90 l 1,17,-1
 698 59 l 2,18,19
 684 27 684 27 665.5 7.5 c 128,-1,20
 647 -12 647 -12 642 -25 c 0,21,22
 637 -37 637 -37 625.5 -52.5 c 128,-1,23
 614 -68 614 -68 610 -68 c 0,24,25
 608 -68 608 -68 607 -58.5 c 128,-1,26
 606 -49 606 -49 607 -39.5 c 128,-1,27
 608 -30 608 -30 610 -28 c 0,28,29
 615 -26 615 -26 615 241 c 2,30,-1
 616 508 l 1,31,-1
 591 474 l 2,32,33
 565 439 565 439 547.5 419 c 128,-1,34
 530 399 530 399 526 392.5 c 128,-1,35
 522 386 522 386 503.5 366.5 c 128,-1,36
 485 347 485 347 476 330 c 0,37,38
 468 313 468 313 458 305.5 c 128,-1,39
 448 298 448 298 441 304 c 0,40,41
 427 315 427 315 400.5 363.5 c 128,-1,42
 374 412 374 412 356 458 c 0,43,44
 353 467 353 467 346 483.5 c 128,-1,45
 339 500 339 500 330 527 c 0,46,47
 313 577 313 577 286.5 618 c 128,-1,48
 260 659 260 659 245 659 c 0,49,50
 239 659 239 659 237.5 655 c 128,-1,51
 236 651 236 651 236 635 c 0,52,53
 235 611 235 611 235 349 c 2,54,-1
 235 88 l 1,55,-1
 221 58 l 2,56,57
 207 27 207 27 189 7.5 c 128,-1,58
 171 -12 171 -12 165 -25 c 0,59,60
 160 -37 160 -37 148.5 -52.5 c 128,-1,61
 137 -68 137 -68 133 -68 c 0,62,63
 131 -68 131 -68 130 -58.5 c 128,-1,64
 129 -49 129 -49 130 -39.5 c 128,-1,65
 131 -30 131 -30 134 -28 c 0,66,67
 138 -26 138 -26 138 269 c 2,68,-1
 139 563 l 1,69,-1
 126 560 l 2,70,71
 92 552 92 552 69 515 c 0,72,73
 58 497 58 497 53 494 c 128,-1,74
 48 491 48 491 42 499 c 0,75,76
 36 506 36 506 45 544 c 0,77,78
 61 611 61 611 70 626.5 c 128,-1,79
 79 642 79 642 108 656 c 0,80,81
 182 692 182 692 191 692 c 0,82,83
 197 692 197 692 201.5 696.5 c 128,-1,84
 206 701 206 701 220 702 c 128,-1,85
 234 703 234 703 236.5 707 c 128,-1,86
 239 711 239 711 262.5 705.5 c 128,-1,87
 286 700 286 700 305 680 c 0,88,89
 320 664 320 664 333.5 642 c 128,-1,90
 347 620 347 620 347 611 c 0,91,92
 347 604 347 604 351 604 c 128,-1,93
 355 604 355 604 362.5 580 c 128,-1,94
 370 556 370 556 367 551 c 0,95,96
 366 549 366 549 367 549 c 256,97,98
 368 549 368 549 369 550 c 0,99,100
 375 553 375 553 375 546.5 c 128,-1,101
 375 540 375 540 390.5 506 c 128,-1,102
 406 472 406 472 406 467 c 0,103,104
 408 457 408 457 413.5 444.5 c 128,-1,105
 419 432 419 432 422 432 c 0,106,107
 426 432 426 432 424.5 427 c 128,-1,108
 423 422 423 422 428.5 420 c 128,-1,109
 434 418 434 418 463 456.5 c 128,-1,110
 492 495 492 495 507.5 513.5 c 128,-1,111
 523 532 523 532 523 542 c 0,112,113
 524 551 524 551 527 551 c 0,114,115
 531 548 531 548 542 562 c 0,116,117
 574 602 574 602 574 608 c 0,118,119
 574 613 574 613 582 619 c 0,120,121
 596 629 596 629 607 655 c 0,122,123
 611 663 611 663 637.5 685 c 128,-1,124
 664 707 664 707 676 711 c 0,0,1
EndSplineSet
EndChar

StartChar: N
Encoding: 78 78 34
Width: 628
GlyphClass: 1
Flags: W
LayerCount: 2
Fore
SplineSet
202 662 m 0,0,1
 224 666 224 666 230 660 c 0,2,3
 233 656 233 656 240 656 c 0,4,5
 262 656 262 656 292 606 c 0,6,7
 311 575 311 575 311 563.5 c 128,-1,8
 311 552 311 552 317.5 543 c 128,-1,9
 324 534 324 534 326.5 513 c 128,-1,10
 329 492 329 492 332 481 c 0,11,12
 337 451 337 451 341 426 c 0,13,14
 346 387 346 387 350 365 c 0,15,16
 358 312 358 312 372 265 c 0,17,18
 377 247 377 247 378 240 c 0,19,20
 380 227 380 227 392.5 187 c 128,-1,21
 405 147 405 147 412 133 c 2,22,-1
 421 112 l 1,23,-1
 421 188 l 2,24,25
 421 201 421 201 421.5 211 c 128,-1,26
 422 221 422 221 422 227 c 128,-1,27
 422 233 422 233 422 238 c 128,-1,28
 422 243 422 243 422 245.5 c 128,-1,29
 422 248 422 248 422 249.5 c 128,-1,30
 422 251 422 251 422 251.5 c 128,-1,31
 422 252 422 252 422 252.5 c 128,-1,32
 422 253 422 253 422 254 c 0,33,34
 422 258 422 258 421 265 c 0,35,36
 420 269 420 269 420.5 269.5 c 128,-1,37
 421 270 421 270 420 272 c 0,38,39
 420 274 420 274 420 278 c 0,40,41
 420 283 420 283 419.5 286.5 c 128,-1,42
 419 290 419 290 419 291 c 128,-1,43
 419 292 419 292 419 293 c 2,44,45
 419 293 419 293 419.5 300 c 128,-1,46
 420 307 420 307 421 325.5 c 128,-1,47
 422 344 422 344 422 372 c 0,48,49
 422 455 422 455 417 448 c 0,50,51
 412 440 412 440 412 551 c 0,52,53
 413 595 413 595 415 603 c 256,54,55
 417 611 417 611 445 633 c 128,-1,56
 473 655 473 655 484 658 c 0,57,58
 494 660 494 660 526 623 c 0,59,60
 573 569 573 569 596 569 c 0,61,62
 607 569 607 569 607 562 c 0,63,64
 607 556 607 556 597 541.5 c 128,-1,65
 587 527 587 527 583 527 c 0,66,67
 575 527 575 527 556.5 536.5 c 128,-1,68
 538 546 538 546 531 554 c 0,69,70
 522 564 522 564 519 559.5 c 128,-1,71
 516 555 516 555 517.5 315 c 128,-1,72
 519 75 519 75 517 51 c 0,73,74
 515 36 515 36 511 28 c 128,-1,75
 507 20 507 20 494 8 c 0,76,77
 475 -10 475 -10 463 -10 c 0,78,79
 426 -10 426 -10 419 4 c 0,80,81
 369 98 369 98 364 119 c 0,82,83
 360 135 360 135 356 142 c 0,84,85
 354 147 354 147 336.5 218 c 128,-1,86
 319 289 319 289 311 325 c 0,87,88
 306 349 306 349 298.5 402 c 128,-1,89
 291 455 291 455 282 494 c 0,90,91
 276 518 276 518 264 546.5 c 128,-1,92
 252 575 252 575 240.5 592 c 128,-1,93
 229 609 229 609 225 605 c 0,94,95
 222 602 222 602 222 325 c 2,96,-1
 222 48 l 1,97,-1
 208 18 l 2,98,99
 194 -12 194 -12 175.5 -32 c 128,-1,100
 157 -52 157 -52 152 -65 c 0,101,102
 147 -77 147 -77 135.5 -92 c 128,-1,103
 124 -107 124 -107 120 -107 c 0,104,105
 117 -107 117 -107 116.5 -98 c 128,-1,106
 116 -89 116 -89 117 -79.5 c 128,-1,107
 118 -70 118 -70 120 -68 c 0,108,109
 125 -66 125 -66 125 229 c 2,110,-1
 126 523 l 1,111,-1
 113 520 l 2,112,113
 79 512 79 512 56 475 c 0,114,115
 45 457 45 457 40 454.5 c 128,-1,116
 35 452 35 452 29 459 c 256,117,118
 23 466 23 466 32 504 c 0,119,120
 48 572 48 572 56.5 587 c 128,-1,121
 65 602 65 602 95 616 c 0,122,123
 169 652 169 652 177 652 c 0,124,125
 184 652 184 652 188.5 656 c 128,-1,126
 193 660 193 660 202 662 c 0,0,1
EndSplineSet
EndChar

StartChar: O
Encoding: 79 79 35
Width: 586
GlyphClass: 1
Flags: W
LayerCount: 2
Fore
SplineSet
192.5 715.5 m 128,-1,1
 202 725 202 725 214.5 720.5 c 128,-1,2
 227 716 227 716 229.5 712 c 128,-1,3
 232 708 232 708 264 692 c 0,4,5
 340 653 340 653 435 665 c 0,6,7
 466 668 466 668 469 665 c 0,8,9
 471 660 471 660 465 648 c 128,-1,10
 459 636 459 636 450 625 c 0,11,12
 438 612 438 612 440 606.5 c 128,-1,13
 442 601 442 601 433 589 c 0,14,15
 415 567 415 567 443 535 c 0,16,17
 458 519 458 519 463 512 c 128,-1,18
 468 505 468 505 495 483 c 2,19,-1
 521 460 l 1,20,-1
 521 319 l 2,21,22
 521 204 521 204 517.5 179 c 128,-1,23
 514 154 514 154 491 117 c 0,24,25
 469 81 469 81 451.5 63.5 c 128,-1,26
 434 46 434 46 408 35 c 0,27,28
 287 -16 287 -16 169 13 c 0,29,30
 128 23 128 23 111.5 33 c 128,-1,31
 95 43 95 43 80 64 c 0,32,33
 80 65 80 65 78 67 c 0,34,35
 57 100 57 100 53.5 127 c 128,-1,36
 50 154 50 154 49 285 c 0,37,38
 49 294 49 294 49 298 c 0,39,40
 49 473 49 473 52 487.5 c 128,-1,41
 55 502 55 502 94 554 c 0,42,43
 130 602 130 602 144 625.5 c 128,-1,44
 158 649 158 649 174 685 c 0,45,0
 183 706 183 706 192.5 715.5 c 128,-1,1
206 563 m 0,46,47
 170 582 170 582 163 582 c 0,48,49
 158 582 158 582 156.5 546 c 128,-1,50
 155 510 155 510 156 360 c 0,51,52
 156 193 156 193 159 149 c 128,-1,53
 162 105 162 105 173 87 c 0,54,55
 180 77 180 77 196.5 66 c 128,-1,56
 213 55 213 55 227 51 c 0,57,58
 240 48 240 48 266 49 c 128,-1,59
 292 50 292 50 309 54 c 0,60,61
 327 59 327 59 345.5 73.5 c 128,-1,62
 364 88 364 88 370 101 c 0,63,64
 383 130 383 130 385 160.5 c 128,-1,65
 387 191 387 191 386 336 c 2,66,-1
 385 529 l 1,67,-1
 346 529 l 2,68,69
 270 530 270 530 206 563 c 0,46,47
EndSplineSet
EndChar

StartChar: P
Encoding: 80 80 36
Width: 544
GlyphClass: 1
Flags: W
LayerCount: 2
Fore
SplineSet
279 753 m 0,0,1
 285 760 285 760 291.5 758.5 c 128,-1,2
 298 757 298 757 321 743 c 0,3,4
 367 716 367 716 429 721 c 0,5,6
 453 724 453 724 456.5 720 c 128,-1,7
 460 716 460 716 448 701 c 0,8,9
 438 688 438 688 438 680 c 128,-1,10
 438 672 438 672 433 669 c 0,11,12
 425 664 425 664 430.5 653.5 c 128,-1,13
 436 643 436 643 459 620 c 2,14,-1
 490 589 l 1,15,-1
 490 499 l 2,16,17
 490 408 490 408 481 392 c 0,18,19
 456 343 456 343 425.5 324 c 128,-1,20
 395 305 395 305 335 302 c 0,21,22
 286 300 286 300 262 308 c 0,23,24
 239 315 239 315 239 311 c 0,25,26
 239 310 239 310 241 304 c 0,27,28
 245 293 245 293 244 280 c 0,29,30
 243 248 243 248 243 214 c 128,-1,31
 243 180 243 180 245 178 c 0,32,33
 247 174 247 174 248 144.5 c 128,-1,34
 249 115 249 115 254 115 c 0,35,36
 265 115 265 115 235 52 c 0,37,38
 235 51 235 51 234 50 c 0,39,40
 210 0 210 0 190 -22.5 c 128,-1,41
 170 -45 170 -45 164 -59 c 0,42,43
 158 -72 158 -72 145 -89 c 128,-1,44
 132 -106 132 -106 128 -106 c 0,45,46
 125 -106 125 -106 124.5 -96 c 128,-1,47
 124 -86 124 -86 125 -75 c 128,-1,48
 126 -64 126 -64 129 -63 c 0,49,50
 133 -60 133 -60 134 268 c 2,51,-1
 135 595 l 1,52,-1
 120 592 l 2,53,54
 82 583 82 583 57 542 c 0,55,56
 45 522 45 522 39.5 519 c 128,-1,57
 34 516 34 516 27 524 c 256,58,59
 20 532 20 532 31 574 c 0,60,61
 44 629 44 629 50.5 648.5 c 128,-1,62
 57 668 57 668 66.5 678 c 128,-1,63
 76 688 76 688 100 699 c 0,64,65
 183 739 183 739 192 739 c 256,66,67
 201 739 201 739 203.5 743.5 c 128,-1,68
 206 748 206 748 219 750 c 0,69,70
 231 752 231 752 236 742.5 c 128,-1,71
 241 733 241 733 242 706 c 256,72,73
 243 679 243 679 259 711 c 0,74,75
 261 716 261 716 264 722 c 0,76,77
 274 746 274 746 279 753 c 0,0,1
296.5 653.5 m 128,-1,79
 270 667 270 667 263.5 667 c 128,-1,80
 257 667 257 667 258 519 c 0,81,82
 258 398 258 398 262 375 c 128,-1,83
 266 352 266 352 290 338 c 0,84,85
 307 328 307 328 333.5 331.5 c 128,-1,86
 360 335 360 335 373 344 c 0,87,88
 388 353 388 353 393.5 366 c 128,-1,89
 399 379 399 379 401 407 c 128,-1,90
 403 435 403 435 403 508 c 2,91,-1
 404 633 l 1,92,-1
 363 637 l 2,93,78
 323 640 323 640 296.5 653.5 c 128,-1,79
EndSplineSet
EndChar

StartChar: Q
Encoding: 81 81 37
Width: 730
GlyphClass: 1
Flags: W
LayerCount: 2
Fore
SplineSet
224 788 m 0,0,1
 231 794 231 794 235.5 795 c 128,-1,2
 240 796 240 796 249 793 c 0,3,4
 263 787 263 787 266 783 c 0,5,6
 272 774 272 774 313 756.5 c 128,-1,7
 354 739 354 739 381 734 c 0,8,9
 423 727 423 727 467 729 c 128,-1,10
 511 731 511 731 529 741 c 0,11,12
 561 761 561 761 586 743 c 128,-1,13
 611 725 611 725 617 677 c 0,14,15
 622 642 622 642 584 570 c 2,16,-1
 561 528 l 1,17,-1
 575 516 l 1,18,-1
 589 504 l 1,19,-1
 589 346 l 2,20,21
 589 244 589 244 587.5 212.5 c 128,-1,22
 586 181 586 181 581 168 c 0,23,24
 563 126 563 126 525 74 c 0,25,26
 509 54 509 54 513 52 c 0,27,28
 514 51 514 51 519 49 c 0,29,30
 558 39 558 39 592 58 c 0,31,32
 607 66 607 66 610.5 72.5 c 128,-1,33
 614 79 614 79 617 99 c 0,34,35
 622 146 622 146 648 173 c 0,36,37
 671 198 671 198 666 170 c 0,38,39
 664 158 664 158 657 136 c 0,40,41
 647 105 647 105 641 83 c 0,42,43
 630 40 630 40 579 19.5 c 128,-1,44
 528 -1 528 -1 481 20 c 0,45,46
 466 26 466 26 459.5 26.5 c 128,-1,47
 453 27 453 27 444 22 c 0,48,49
 404 1 404 1 329.5 -4 c 128,-1,50
 255 -9 255 -9 198 6 c 0,51,52
 153 17 153 17 134 28 c 128,-1,53
 115 39 115 39 99 63 c 0,54,55
 98 64 98 64 97 66 c 0,56,57
 73 102 73 102 69 132.5 c 128,-1,58
 65 163 65 163 65 309 c 0,59,60
 65 318 65 318 65 323 c 0,61,62
 65 518 65 518 68 533.5 c 128,-1,63
 71 549 71 549 115 608 c 0,64,65
 154 661 154 661 170 687 c 128,-1,66
 186 713 186 713 203 753 c 0,67,68
 213 777 213 777 224 788 c 0,0,1
579.5 669.5 m 128,-1,70
 573 695 573 695 559 705 c 2,71,-1
 545 716 l 1,72,-1
 525 692 l 2,73,74
 511 675 511 675 508 666.5 c 128,-1,75
 505 658 505 658 505 629 c 0,76,77
 505 603 505 603 507.5 592.5 c 128,-1,78
 510 582 510 582 518 570 c 0,79,80
 527 557 527 557 530.5 555.5 c 128,-1,81
 534 554 534 554 540 560 c 256,82,83
 546 566 546 566 560.5 590 c 128,-1,84
 575 614 575 614 577 623 c 0,85,86
 578 626 578 626 582 635 c 128,-1,69
 586 644 586 644 579.5 669.5 c 128,-1,70
239 618 m 0,87,88
 199 638 199 638 191 638 c 0,89,90
 185 638 185 638 184 598 c 128,-1,91
 183 558 183 558 183 392 c 0,92,93
 184 146 184 146 189 123 c 0,94,95
 196 93 196 93 212.5 77 c 128,-1,96
 229 61 229 61 263 48 c 0,97,98
 279 43 279 43 318 46.5 c 128,-1,99
 357 50 357 50 373 59 c 0,100,101
 392 68 392 68 389 75 c 0,102,103
 388 77 388 77 384 77 c 0,104,105
 377 77 377 77 347 108 c 128,-1,106
 317 139 317 139 314 149 c 0,107,108
 310 162 310 162 297 182 c 0,109,110
 285 200 285 200 281 246 c 128,-1,111
 277 292 277 292 285 319 c 0,112,113
 312 411 312 411 408 467 c 2,114,-1
 441 487 l 1,115,-1
 439 533 l 1,116,-1
 438 579 l 1,117,-1
 394 580 l 2,118,119
 310 581 310 581 239 618 c 0,87,88
441 297.5 m 128,-1,121
 441 443 441 443 436.5 443 c 128,-1,122
 432 443 432 443 401 422 c 0,123,124
 370 403 370 403 354 380 c 128,-1,125
 338 357 338 357 330 324 c 0,126,127
 322 287 322 287 323 264 c 128,-1,128
 324 241 324 241 335 219 c 0,129,130
 348 193 348 193 348 187 c 0,131,132
 348 175 348 175 362.5 155 c 128,-1,133
 377 135 377 135 394 123 c 0,134,135
 412 111 412 111 416 106 c 0,136,137
 421 98 421 98 434 134 c 0,138,120
 441 152 441 152 441 297.5 c 128,-1,121
EndSplineSet
EndChar

StartChar: R
Encoding: 82 82 38
Width: 619
GlyphClass: 1
Flags: W
LayerCount: 2
Fore
SplineSet
316 797 m 256,0,1
 322 804 322 804 329 802.5 c 128,-1,2
 336 801 336 801 360 787 c 0,3,4
 408 758 408 758 475 764 c 0,5,6
 500 766 500 766 504 762 c 128,-1,7
 508 758 508 758 495 742 c 0,8,9
 484 728 484 728 484 719.5 c 128,-1,10
 484 711 484 711 479 708 c 0,11,12
 471 703 471 703 476.5 691.5 c 128,-1,13
 482 680 482 680 506 656 c 2,14,-1
 539 624 l 1,15,-1
 539 528 l 2,16,17
 539 450 539 450 534.5 430 c 128,-1,18
 530 410 530 410 506 374 c 0,19,20
 473 326 473 326 389 319 c 2,21,-1
 348 316 l 1,22,-1
 356 302 l 2,23,24
 374 268 374 268 384 206 c 0,25,26
 400 97 400 97 422 44 c 128,-1,27
 444 -9 444 -9 482 -30 c 0,28,29
 523 -53 523 -53 523 -33 c 0,30,31
 523 -22 523 -22 537 -5 c 128,-1,32
 551 12 551 12 556 8 c 0,33,34
 566 2 566 2 552.5 -38 c 128,-1,35
 539 -78 539 -78 525 -83 c 0,36,37
 507 -90 507 -90 477 -78.5 c 128,-1,38
 447 -67 447 -67 423 -45 c 0,39,40
 400 -23 400 -23 382 25 c 128,-1,41
 364 73 364 73 356 134.5 c 128,-1,42
 348 196 348 196 331 245 c 128,-1,43
 314 294 314 294 297 308 c 0,44,45
 285 317 285 317 281.5 316 c 128,-1,46
 278 315 278 315 278 302 c 0,47,48
 278 287 278 287 277 239 c 256,49,50
 276 191 276 191 279 187 c 128,-1,51
 282 183 282 183 283 152 c 128,-1,52
 284 121 284 121 289 121 c 0,53,54
 300 121 300 121 271 58 c 0,55,56
 269 55 269 55 268 52 c 0,57,58
 242 -2 242 -2 221 -25.5 c 128,-1,59
 200 -49 200 -49 193 -64 c 0,60,61
 187 -78 187 -78 173.5 -96 c 128,-1,62
 160 -114 160 -114 156 -114 c 0,63,64
 153 -114 153 -114 152 -103.5 c 128,-1,65
 151 -93 151 -93 152 -81.5 c 128,-1,66
 153 -70 153 -70 156 -68 c 0,67,68
 161 -65 161 -65 162 283 c 2,69,-1
 163 630 l 1,70,-1
 147 626 l 2,71,72
 107 617 107 617 80 573 c 0,73,74
 67 552 67 552 61.5 549 c 128,-1,75
 56 546 56 546 48 555 c 0,76,77
 41 562 41 562 52 608 c 0,78,79
 66 666 66 666 73.5 686.5 c 128,-1,80
 81 707 81 707 91 717.5 c 128,-1,81
 101 728 101 728 126 740 c 0,82,83
 213 782 213 782 224 782 c 0,84,85
 233 782 233 782 236 787 c 128,-1,86
 239 792 239 792 252 794 c 0,87,88
 265 797 265 797 270 786.5 c 128,-1,89
 275 776 275 776 276 747.5 c 128,-1,90
 277 719 277 719 294 754 c 0,91,92
 297 758 297 758 299 764 c 0,93,94
 310 790 310 790 316 797 c 256,0,1
334.5 691.5 m 128,-1,96
 306 705 306 705 299.5 705 c 128,-1,97
 293 705 293 705 293 549 c 0,98,99
 294 420 294 420 298 396 c 128,-1,100
 302 372 302 372 328 357 c 0,101,102
 345 346 345 346 373 350 c 128,-1,103
 401 354 401 354 416 363 c 0,104,105
 431 373 431 373 436.5 386.5 c 128,-1,106
 442 400 442 400 444.5 430 c 128,-1,107
 447 460 447 460 447 537 c 2,108,-1
 448 670 l 1,109,-1
 405 674 l 2,110,95
 363 678 363 678 334.5 691.5 c 128,-1,96
EndSplineSet
EndChar

StartChar: S
Encoding: 83 83 39
Width: 556
GlyphClass: 1
Flags: W
LayerCount: 2
Fore
SplineSet
474 721 m 128,-1,1
 484 727 484 727 485 727 c 0,2,3
 487 725 487 725 485.5 712.5 c 128,-1,4
 484 700 484 700 478.5 679.5 c 128,-1,5
 473 659 473 659 467 641 c 0,6,7
 441 568 441 568 417 562 c 0,8,9
 405 559 405 559 402 554 c 0,10,11
 398 549 398 549 347 547.5 c 128,-1,12
 296 546 296 546 264 551 c 0,13,14
 225 556 225 556 201 563 c 0,15,16
 183 569 183 569 177 568.5 c 128,-1,17
 171 568 171 568 153 560 c 2,18,-1
 129 549 l 1,19,-1
 142 525 l 2,20,21
 161 488 161 488 206.5 440.5 c 128,-1,22
 252 393 252 393 282 379 c 0,23,24
 308 366 308 366 412 333 c 128,-1,25
 516 300 516 300 520 297 c 0,26,27
 524 293 524 293 437 111 c 0,28,29
 400 33 400 33 391 20 c 128,-1,30
 382 7 382 7 367 3 c 0,31,32
 349 -1 349 -1 303.5 1.5 c 128,-1,33
 258 4 258 4 216 0 c 0,34,35
 182 -3 182 -3 149 0.5 c 128,-1,36
 116 4 116 4 104 12 c 0,37,38
 91 20 91 20 80 39.5 c 128,-1,39
 69 59 69 59 67 78 c 0,40,41
 65 100 65 100 73.5 133.5 c 128,-1,42
 82 167 82 167 93 179 c 0,43,44
 118 205 118 205 199 222 c 0,45,46
 225 228 225 228 235 236 c 0,47,48
 253 252 253 252 254 241 c 0,49,50
 254 234 254 234 242.5 218.5 c 128,-1,51
 231 203 231 203 219 194 c 0,52,53
 206 185 206 185 193 166 c 128,-1,54
 180 147 180 147 180 139 c 0,55,56
 180 126 180 126 195.5 122.5 c 128,-1,57
 211 119 211 119 267 120 c 0,58,59
 274 120 274 120 285 120 c 0,60,61
 329 120 329 120 339.5 126 c 128,-1,62
 350 132 350 132 368 167 c 0,63,64
 372 176 372 176 375 181 c 0,65,66
 398 225 398 225 414 254 c 0,67,68
 431 290 431 290 420 292 c 0,69,70
 414 292 414 292 310 326 c 2,71,-1
 207 360 l 1,72,-1
 189 385 l 2,73,74
 110 493 110 493 96 515.5 c 128,-1,75
 82 538 82 538 80 557 c 0,76,77
 78 574 78 574 80.5 584.5 c 128,-1,78
 83 595 83 595 96 623 c 0,79,80
 116 663 116 663 116 669 c 0,81,82
 116 677 116 677 127 689 c 128,-1,83
 138 701 138 701 152 707 c 0,84,85
 170 716 170 716 206 715 c 128,-1,86
 242 714 242 714 262 704 c 0,87,88
 282 695 282 695 288 695 c 128,-1,89
 294 695 294 695 299 690 c 0,90,91
 304 684 304 684 342 677.5 c 128,-1,92
 380 671 380 671 396 673 c 0,93,94
 435 678 435 678 454 703 c 0,95,0
 464 715 464 715 474 721 c 128,-1,1
EndSplineSet
EndChar

StartChar: T
Encoding: 84 84 40
Width: 787
GlyphClass: 1
Flags: W
LayerCount: 2
Fore
SplineSet
341 750 m 0,0,1
 377 756 377 756 457.5 753 c 128,-1,2
 538 750 538 750 566 742 c 0,3,4
 595 734 595 734 613 720 c 128,-1,5
 631 706 631 706 673 660 c 0,6,7
 708 621 708 621 728 599 c 0,8,9
 747 579 747 579 751 566 c 128,-1,10
 755 553 755 553 746 537 c 0,11,12
 733 513 733 513 725 526 c 0,13,14
 721 532 721 532 712.5 532 c 128,-1,15
 704 532 704 532 668 553 c 0,16,17
 607 588 607 588 491 592 c 2,18,-1
 454 594 l 1,19,-1
 454 570 l 2,20,21
 455 545 455 545 450 505 c 128,-1,22
 445 465 445 465 449 450 c 0,23,24
 454 434 454 434 455 261 c 0,25,26
 455 245 455 245 454.5 200.5 c 128,-1,27
 454 156 454 156 456.5 152 c 128,-1,28
 459 148 459 148 460 117.5 c 128,-1,29
 461 87 461 87 466 87 c 0,30,31
 478 87 478 87 448 26 c 0,32,33
 447 22 447 22 445 19 c 0,34,35
 420 -34 420 -34 398.5 -57 c 128,-1,36
 377 -80 377 -80 371 -94 c 256,37,38
 365 -108 365 -108 351 -125.5 c 128,-1,39
 337 -143 337 -143 333 -143 c 0,40,41
 330 -143 330 -143 329 -132.5 c 128,-1,42
 328 -122 328 -122 329.5 -111 c 128,-1,43
 331 -100 331 -100 333 -98 c 0,44,45
 338 -95 338 -95 339 245 c 2,46,-1
 340 584 l 1,47,-1
 322 580 l 2,48,49
 304 576 304 576 292.5 570.5 c 128,-1,50
 281 565 281 565 278 567 c 0,51,52
 273 573 273 573 182 535 c 0,53,54
 147 520 147 520 146 522 c 128,-1,55
 145 524 145 524 120.5 561.5 c 128,-1,56
 96 599 96 599 94 601 c 0,57,58
 80 614 80 614 65 636.5 c 128,-1,59
 50 659 50 659 52 663 c 0,60,61
 55 672 55 672 78.5 682 c 128,-1,62
 102 692 102 692 131 698 c 0,63,64
 166 704 166 704 175 709 c 0,65,66
 223 733 223 733 341 750 c 0,0,1
EndSplineSet
EndChar

StartChar: U
Encoding: 85 85 41
Width: 544
GlyphClass: 1
InSpiro: 1
Flags: W
LayerCount: 2
Fore
SplineSet
409.35546875 3.0029296875 m 0,0,1
 394.530273438 -26.796875 394.530273438 -26.796875 326.631835938 8.5390625 c 0,2,3
 289.704101562 27.818359375 289.704101562 27.818359375 270.99609375 17.6611328125 c 128,-1,4
 252.286132812 7.505859375 252.286132812 7.505859375 205.01171875 10.916015625 c 0,5,6
 115.209960938 16.1904296875 115.209960938 16.1904296875 80.7109375 99.21875 c 0,7,8
 65.896484375 136.521484375 65.896484375 136.521484375 53.3955078125 176.491210938 c 128,-1,9
 40.89453125 216.4609375 40.89453125 216.4609375 43.1787109375 220.848632812 c 128,-1,10
 45.4619140625 225.234375 45.4619140625 225.234375 40.234375 254.2890625 c 128,-1,11
 35.005859375 283.344726562 35.005859375 283.344726562 29.48828125 396.696289062 c 0,12,13
 26.9892578125 472.309570312 26.9892578125 472.309570312 27.7490234375 496.424804688 c 128,-1,14
 28.5078125 520.541992188 28.5078125 520.541992188 36.31640625 546.638671875 c 0,15,16
 46.2421875 586.580078125 46.2421875 586.580078125 61.3232421875 601.762695312 c 128,-1,17
 76.40234375 616.947265625 76.40234375 616.947265625 76.267578125 624.68359375 c 128,-1,18
 76.1328125 632.421875 76.1328125 632.421875 82.03125 632.640625 c 128,-1,19
 87.9296875 632.858398438 87.9296875 632.858398438 105.173828125 659.305664062 c 0,20,21
 126.956054688 696.245117188 126.956054688 696.245117188 136.573242188 686.278320312 c 128,-1,22
 146.189453125 676.310546875 146.189453125 676.310546875 136.413085938 627.772460938 c 0,23,24
 127.635742188 589.594726562 127.635742188 589.594726562 131.416015625 372.9453125 c 128,-1,25
 135.194335938 156.295898438 135.194335938 156.295898438 145.170898438 125.6953125 c 0,26,27
 162.645507812 71.28515625 162.645507812 71.28515625 208.830078125 62.673828125 c 0,28,29
 236.08203125 56.8017578125 236.08203125 56.8017578125 252.266601562 76.326171875 c 0,30,31
 280.06640625 106.606445312 280.06640625 106.606445312 281.766601562 144.521484375 c 0,32,33
 282.766601562 154.881835938 282.766601562 154.881835938 279.416992188 414.561523438 c 2,34,-1
 274.888671875 674.197265625 l 1,35,-1
 295.8515625 690.459960938 l 2,36,37
 314.486328125 704.916015625 314.486328125 704.916015625 359.88671875 707.45703125 c 128,-1,38
 405.286132812 710 405.286132812 710 423.221679688 696.900390625 c 0,39,40
 439.9453125 685.4765625 439.9453125 685.4765625 458.939453125 679.298828125 c 0,41,42
 470.795898438 676.296875 470.795898438 676.296875 475.663085938 667.874023438 c 128,-1,43
 480.532226562 659.452148438 480.532226562 659.452148438 487 627 c 0,44,45
 525.59765625 444.33203125 525.59765625 444.33203125 515.400390625 419.866210938 c 0,46,47
 510.802734375 412.813476562 510.802734375 412.813476562 508.48828125 410.147460938 c 128,-1,48
 506.173828125 407.48046875 506.173828125 407.48046875 502.575195312 410.787109375 c 128,-1,49
 498.9765625 414.096679688 498.9765625 414.096679688 494.682617188 423.400390625 c 128,-1,50
 490.389648438 432.704101562 490.389648438 432.704101562 482.982421875 451.35546875 c 0,51,52
 456.920898438 524.373046875 456.920898438 524.373046875 417.72265625 538.405273438 c 2,53,-1
 403.447265625 544.758789062 l 1,54,-1
 407.015625 340.14453125 l 2,55,56
 410.584960938 135.532226562 410.584960938 135.532226562 416.482421875 135.75 c 128,-1,57
 422.380859375 135.96875 422.380859375 135.96875 445.752929688 183.2890625 c 128,-1,58
 469.125976562 230.610351562 469.125976562 230.610351562 475.614257812 230.850585938 c 128,-1,59
 482.1015625 231.090820312 482.1015625 231.090820312 482.94140625 182.948242188 c 0,60,61
 483.510742188 150.278320312 483.510742188 150.278320312 480.243164062 134.671875 c 128,-1,62
 476.973632812 119.06640625 476.973632812 119.06640625 464.5078125 89.353515625 c 0,63,64
 437.276367188 26.404296875 437.276367188 26.404296875 421.032226562 10.318359375 c 0,65,66
 417.5234375 8.466796875 417.5234375 8.466796875 417.462890625 11.9052734375 c 0,67,68
 417.373046875 17.0634765625 417.373046875 17.0634765625 409.35546875 3.0029296875 c 0,0,1
  Spiro
    409.355 3.00281 o
    381.262 -10.5128 o
    326.632 8.53906 o
    294.259 20.4594 o
    270.995 17.6614 o
    245.145 10.8973 o
    205.011 10.9158 o
    129.036 35.6286 o
    80.7113 99.2187 o
    66.4749 137.188 o
    53.3949 176.491 o
    44.5905 207.565 o
    43.1783 220.848 o
    43.5842 231.401 o
    40.234 254.289 o
    34.9335 304.419 o
    29.4884 396.696 o
    27.8037 459.435 o
    27.7484 496.424 o
    30.27 521.036 o
    36.3161 546.639 o
    47.531 580.39 o
    61.3231 601.763 o
    72.599 615.085 o
    76.2678 624.684 o
    77.6411 630.542 o
    82.0307 632.64 o
    90.7657 639.416 o
    105.173 659.305 o
    123.915 684.518 o
    136.573 686.278 o
    141.342 666.668 o
    136.413 627.773 o
    130.775 544.977 o
    131.416 372.946 o
    136.744 202.808 o
    145.171 125.696 o
    169.823 82.7351 o
    208.83 62.6737 o
    233.315 63.1507 o
    252.266 76.3262 o
    273.542 108.515 o
    281.766 144.522 o
    281.679 217.212 o
    279.417 414.562 [
    274.888 674.198 v
    295.852 690.46 ]
    321.177 701.937 o
    359.886 707.457 o
    398.42 706.089 o
    423.221 696.9 o
    440.513 686.788 o
    458.939 679.299 o
    469.049 674.942 o
    475.663 667.874 o
    480.932 653.444 o
    487 627 o
    513.399 483.883 o
    515.401 419.866 o
    511.374 413.91 o
    508.488 410.147 o
    505.853 408.974 o
    502.575 410.787 o
    498.803 415.595 o
    494.683 423.4 o
    489.611 435.041 o
    482.982 451.355 o
    453.636 509.626 o
    417.722 538.405 [
    403.447 544.759 v
    407.016 340.145 ]
    411.167 186.74 o
    416.482 135.75 o
    426.749 147.744 o
    445.753 183.289 o
    464.905 218.84 o
    475.614 230.851 o
    480.689 218.995 o
    482.941 182.948 o
    482.551 154.544 o
    480.243 134.672 o
    474.674 115.539 o
    464.507 89.3539 o
    440.023 38.12 o
    421.032 10.3179 o
    418.385 9.78917 o
    417.463 11.9052 o
    415.391 12.2587 o
    0 0 z
  EndSpiro
EndSplineSet
EndChar

StartChar: V
Encoding: 86 86 42
Width: 634
GlyphClass: 1
Flags: W
LayerCount: 2
Fore
SplineSet
241 681 m 0,0,1
 253 684 253 684 257.5 667 c 128,-1,2
 262 650 262 650 263 593 c 0,3,4
 265 494 265 494 263 377 c 0,5,6
 262 280 262 280 265 252 c 128,-1,7
 268 224 268 224 264 221 c 128,-1,8
 260 218 260 218 263.5 184.5 c 128,-1,9
 267 151 267 151 267.5 131.5 c 128,-1,10
 268 112 268 112 274.5 110.5 c 128,-1,11
 281 109 281 109 269 85 c 2,12,-1
 258 60 l 1,13,-1
 268 66 l 2,14,15
 291 77 291 77 325 102 c 128,-1,16
 359 127 359 127 372 140 c 0,17,18
 391 161 391 161 402 183 c 0,19,20
 411 200 411 200 421.5 236 c 128,-1,21
 432 272 432 272 436 296 c 0,22,23
 451 395 451 395 454 519 c 0,24,25
 456 568 456 568 457 590.5 c 128,-1,26
 458 613 458 613 461 629 c 128,-1,27
 464 645 464 645 468 649 c 128,-1,28
 472 653 472 653 480 655 c 0,29,30
 496 661 496 661 529 618 c 128,-1,31
 562 575 562 575 566 543 c 0,32,33
 568 528 568 528 559 511.5 c 128,-1,34
 550 495 550 495 541 496 c 0,35,36
 533 498 533 498 522 518 c 2,37,-1
 510 539 l 1,38,-1
 507 525 l 2,39,40
 503 512 503 512 504 479 c 0,41,42
 505 441 505 441 496 373 c 0,43,44
 494 359 494 359 491.5 338 c 128,-1,45
 489 317 489 317 481 291.5 c 128,-1,46
 473 266 473 266 472 262 c 0,47,48
 471 243 471 243 463 222 c 0,49,50
 460 215 460 215 458 204 c 0,51,52
 454 179 454 179 422 132.5 c 128,-1,53
 390 86 390 86 367 72 c 0,54,55
 353 63 353 63 346.5 57 c 128,-1,56
 340 51 340 51 316 39 c 0,57,58
 263 12 263 12 215.5 -18.5 c 128,-1,59
 168 -49 168 -49 156 -65 c 0,60,61
 132 -98 132 -98 136 -127 c 0,62,63
 138 -140 138 -140 128.5 -156 c 128,-1,64
 119 -172 119 -172 111 -170 c 0,65,66
 99 -168 99 -168 98.5 -130.5 c 128,-1,67
 98 -93 98 -93 110 -69 c 0,68,69
 118 -53 118 -53 141 -29 c 2,70,-1
 165 -5 l 1,71,-1
 165 269 l 1,72,-1
 165 543 l 1,73,-1
 152 540 l 2,74,75
 118 532 118 532 96 495 c 0,76,77
 85 477 85 477 80 474 c 128,-1,78
 75 471 75 471 68 479 c 0,79,80
 63 485 63 485 72 524 c 0,81,82
 88 591 88 591 96.5 606.5 c 128,-1,83
 105 622 105 622 135 636 c 0,84,85
 209 671 209 671 217 671 c 0,86,87
 223 671 223 671 227.5 675.5 c 128,-1,88
 232 680 232 680 241 681 c 0,0,1
EndSplineSet
EndChar

StartChar: W
Encoding: 87 87 43
Width: 820
GlyphClass: 1
Flags: W
LayerCount: 2
Fore
SplineSet
124 715 m 0,0,1
 121 734 121 734 126 734 c 256,2,3
 131 734 131 734 148 709 c 0,4,5
 166 683 166 683 183.5 662 c 128,-1,6
 201 641 201 641 215 613 c 2,7,-1
 229 586 l 1,8,-1
 228 444 l 2,9,10
 227 302 227 302 226 175 c 0,11,12
 225 64 225 64 227 38 c 128,-1,13
 229 12 229 12 237 12 c 0,14,15
 252 12 252 12 274.5 47.5 c 128,-1,16
 297 83 297 83 317 137 c 0,17,18
 326 163 326 163 332 177 c 128,-1,19
 338 191 338 191 356 235 c 0,20,21
 369 267 369 267 397.5 313.5 c 128,-1,22
 426 360 426 360 436 363 c 0,23,24
 450 369 450 369 467 340 c 0,25,26
 476 324 476 324 495 301 c 0,27,28
 543 245 543 245 575 203 c 0,29,30
 581 194 581 194 587 186.5 c 128,-1,31
 593 179 593 179 597 174.5 c 128,-1,32
 601 170 601 170 601 171 c 0,33,34
 603 173 603 173 605.5 295 c 128,-1,35
 608 417 608 417 607 510 c 0,36,37
 606 675 606 675 600 715 c 0,38,39
 598 735 598 735 602 735 c 128,-1,40
 606 735 606 735 619.5 716 c 128,-1,41
 633 697 633 697 655 668.5 c 128,-1,42
 677 640 677 640 692 611 c 2,43,-1
 706 581 l 1,44,-1
 703 320 l 2,45,46
 700 58 700 58 702.5 54 c 128,-1,47
 705 50 705 50 715.5 59.5 c 128,-1,48
 726 69 726 69 746 78 c 2,49,-1
 767 88 l 1,50,-1
 780 73 l 2,51,52
 805 45 805 45 782 45 c 256,53,54
 759 45 759 45 712 -10 c 0,55,56
 679 -47 679 -47 671 -48 c 0,57,58
 661 -48 661 -48 637 -29 c 128,-1,59
 613 -10 613 -10 598 11 c 0,60,61
 580 35 580 35 580 37.5 c 128,-1,62
 580 40 580 40 572 49 c 128,-1,63
 564 58 564 58 552.5 75.5 c 128,-1,64
 541 93 541 93 528 106.5 c 128,-1,65
 515 120 515 120 515 124 c 0,66,67
 515 134 515 134 453 209 c 0,68,69
 423 245 423 245 419 245 c 0,70,71
 416 246 416 246 408 228 c 0,72,73
 399 206 399 206 397 197 c 128,-1,74
 395 188 395 188 388 176.5 c 128,-1,75
 381 165 381 165 383 165 c 128,-1,76
 385 165 385 165 376 147 c 128,-1,77
 367 129 367 129 367 121.5 c 128,-1,78
 367 114 367 114 362 117 c 0,79,80
 359 119 359 119 359 118 c 0,81,82
 358 117 358 117 359 116 c 0,83,84
 363 109 363 109 344 66 c 0,85,86
 338 52 338 52 329 32 c 0,87,88
 319 9 319 9 296.5 -12.5 c 128,-1,89
 274 -34 274 -34 256 -38 c 0,90,91
 235 -43 235 -43 227 -38.5 c 128,-1,92
 219 -34 219 -34 207.5 -34 c 128,-1,93
 196 -34 196 -34 193.5 -29.5 c 128,-1,94
 191 -25 191 -25 183.5 -25 c 128,-1,95
 176 -25 176 -25 137 -6.5 c 128,-1,96
 98 12 98 12 94.5 12.5 c 128,-1,97
 91 13 91 13 73 27 c 0,98,99
 58 38 58 38 52 53 c 128,-1,100
 46 68 46 68 34 123 c 0,101,102
 28 150 28 150 27.5 157.5 c 128,-1,103
 27 165 27 165 32 170 c 0,104,105
 47 187 47 187 62 153 c 0,106,107
 68 140 68 140 75 134 c 128,-1,108
 82 128 82 128 97 121 c 0,109,110
 122 109 122 109 123 110 c 0,111,112
 125 113 125 113 128 276 c 128,-1,113
 131 439 131 439 130 529 c 0,114,115
 129 676 129 676 124 715 c 0,0,1
EndSplineSet
EndChar

StartChar: X
Encoding: 88 88 44
Width: 703
GlyphClass: 1
Flags: W
LayerCount: 2
Fore
SplineSet
164 734 m 0,0,1
 166 736 166 736 187 734.5 c 128,-1,2
 208 733 208 733 223 730 c 0,3,4
 236 727 236 727 249 718 c 128,-1,5
 262 709 262 709 265 709 c 128,-1,6
 268 709 268 709 286.5 688.5 c 128,-1,7
 305 668 305 668 321 647 c 128,-1,8
 337 626 337 626 334 626 c 0,9,10
 330 626 330 626 335 622 c 0,11,12
 340 619 340 619 354 590.5 c 128,-1,13
 368 562 368 562 374 546 c 0,14,15
 379 529 379 529 383 526 c 0,16,17
 384 525 384 525 388.5 531 c 128,-1,18
 393 537 393 537 398 547 c 0,19,20
 420 589 420 589 466 640 c 128,-1,21
 512 691 512 691 542 706 c 0,22,23
 565 718 565 718 589.5 721 c 128,-1,24
 614 724 614 724 627 717 c 0,25,26
 638 711 638 711 648 699 c 128,-1,27
 658 687 658 687 661 675.5 c 128,-1,28
 664 664 664 664 655 634.5 c 128,-1,29
 646 605 646 605 636 590 c 0,30,31
 619 567 619 567 614 561.5 c 128,-1,32
 609 556 609 556 601 556 c 0,33,34
 578 556 578 556 595 579 c 0,35,36
 598 584 598 584 604 589 c 0,37,38
 615 601 615 601 618 608 c 128,-1,39
 621 615 621 615 622 631 c 0,40,41
 622 645 622 645 620 652 c 128,-1,42
 618 659 618 659 610 668 c 0,43,44
 593 686 593 686 566 680 c 128,-1,45
 539 674 539 674 506 645 c 0,46,47
 455 600 455 600 421 531 c 0,48,49
 401 491 401 491 397 472.5 c 128,-1,50
 393 454 393 454 400 434 c 0,51,52
 407 415 407 415 411.5 385 c 128,-1,53
 416 355 416 355 421 327 c 128,-1,54
 426 299 426 299 427.5 290 c 128,-1,55
 429 281 429 281 429.5 281 c 128,-1,56
 430 281 430 281 432 269 c 0,57,58
 444 182 444 182 481 104 c 128,-1,59
 518 26 518 26 553 17 c 0,60,61
 565 14 565 14 574 24 c 0,62,63
 577 28 577 28 575 30 c 128,-1,64
 573 32 573 32 577 49 c 128,-1,65
 581 66 581 66 576 80 c 0,66,67
 572 90 572 90 573.5 94 c 128,-1,68
 575 98 575 98 585 106 c 0,69,70
 602 120 602 120 607.5 115 c 128,-1,71
 613 110 613 110 617 75 c 0,72,73
 621 38 621 38 602 9.5 c 128,-1,74
 583 -19 583 -19 549 -27 c 0,75,76
 532 -31 532 -31 522.5 -29.5 c 128,-1,77
 513 -28 513 -28 485 -18 c 0,78,79
 451 -5 451 -5 436 5 c 128,-1,80
 421 15 421 15 410.5 32.5 c 128,-1,81
 400 50 400 50 382 68 c 0,82,83
 365 85 365 85 346.5 123 c 128,-1,84
 328 161 328 161 324 186 c 2,85,-1
 320 212 l 1,86,-1
 310 189 l 2,87,88
 300 167 300 167 300 156.5 c 128,-1,89
 300 146 300 146 294.5 140.5 c 128,-1,90
 289 135 289 135 291 135 c 0,91,92
 294 135 294 135 283 113.5 c 128,-1,93
 272 92 272 92 256.5 66.5 c 128,-1,94
 241 41 241 41 234 30 c 0,95,96
 220 12 220 12 195.5 -1 c 128,-1,97
 171 -14 171 -14 158 -11 c 128,-1,98
 145 -8 145 -8 122.5 7 c 128,-1,99
 100 22 100 22 96 30 c 0,100,101
 90 39 90 39 89 71.5 c 128,-1,102
 88 104 88 104 92 116 c 0,103,104
 96 126 96 126 110.5 142 c 128,-1,105
 125 158 125 158 130 158 c 256,106,107
 135 158 135 158 131 139 c 0,108,109
 123 89 123 89 127 73.5 c 128,-1,110
 131 58 131 58 157 43 c 0,111,112
 182 29 182 29 189 29 c 0,113,114
 204 29 204 29 227.5 67.5 c 128,-1,115
 251 106 251 106 269 161 c 0,116,117
 282 198 282 198 286 207 c 128,-1,118
 290 216 290 216 295.5 234.5 c 128,-1,119
 301 253 301 253 305 263 c 0,120,121
 307 270 307 270 300 313 c 128,-1,122
 293 356 293 356 285 380 c 0,123,124
 273 419 273 419 258 446 c 0,125,126
 254 455 254 455 254 459 c 0,127,128
 254 467 254 467 234 504 c 128,-1,129
 214 541 214 541 191 575 c 0,130,131
 136 659 136 659 114 670 c 0,132,133
 105 675 105 675 102 674 c 128,-1,134
 99 673 99 673 94 662 c 0,135,136
 86 647 86 647 86 627 c 128,-1,137
 86 607 86 607 93 595 c 0,138,139
 96 590 96 590 86.5 574.5 c 128,-1,140
 77 559 77 559 69 557 c 0,141,142
 50 555 50 555 49 612 c 0,143,144
 48 651 48 651 79 685 c 0,145,146
 90 697 90 697 116 713 c 128,-1,147
 142 729 142 729 151 730 c 0,148,149
 162 731 162 731 164 734 c 0,0,1
EndSplineSet
EndChar

StartChar: Y
Encoding: 89 89 45
Width: 754
GlyphClass: 1
Flags: W
LayerCount: 2
Fore
SplineSet
568 774 m 0,0,1
 572 777 572 777 624 768 c 0,2,3
 634 767 634 767 663 748.5 c 128,-1,4
 692 730 692 730 703 718 c 0,5,6
 739 680 739 680 738 637 c 0,7,8
 736 572 736 572 714 576 c 0,9,10
 705 577 705 577 694.5 594 c 128,-1,11
 684 611 684 611 688 618 c 0,12,13
 696 631 696 631 696 653.5 c 128,-1,14
 696 676 696 676 687 692 c 0,15,16
 681 704 681 704 677.5 705 c 128,-1,17
 674 706 674 706 664 701 c 0,18,19
 639 688 639 688 576 595 c 0,20,21
 550 557 550 557 527.5 516 c 128,-1,22
 505 475 505 475 505 466 c 0,23,24
 505 461 505 461 501 452 c 0,25,26
 470 397 470 397 453 308 c 0,27,28
 443 258 443 258 448 248 c 0,29,30
 455 237 455 237 452 221.5 c 128,-1,31
 449 206 449 206 441 207 c 0,32,33
 436 207 436 207 433.5 202.5 c 128,-1,34
 431 198 431 198 429 184 c 0,35,36
 423 140 423 140 404 98.5 c 128,-1,37
 385 57 385 57 360 31 c 0,38,39
 339 10 339 10 327.5 -9 c 128,-1,40
 316 -28 316 -28 299 -39 c 128,-1,41
 282 -50 282 -50 242 -65 c 0,42,43
 211 -76 211 -76 200.5 -77.5 c 128,-1,44
 190 -79 190 -79 170 -75 c 0,45,46
 131 -66 131 -66 109.5 -34 c 128,-1,47
 88 -2 88 -2 93 38 c 0,48,49
 97 78 97 78 103 83.5 c 128,-1,50
 109 89 109 89 130 73 c 0,51,52
 141 64 141 64 142.5 60 c 128,-1,53
 144 56 144 56 139 44 c 0,54,55
 133 28 133 28 138 9.5 c 128,-1,56
 143 -9 143 -9 140.5 -11.5 c 128,-1,57
 138 -14 138 -14 146 -21 c 0,58,59
 157 -33 157 -33 178.5 -19.5 c 128,-1,60
 200 -6 200 -6 223 26 c 0,61,62
 248 62 248 62 271.5 129.5 c 128,-1,63
 295 197 295 197 303 255 c 0,64,65
 305 268 305 268 306 268 c 128,-1,66
 307 268 307 268 308.5 278.5 c 128,-1,67
 310 289 310 289 316.5 325 c 128,-1,68
 323 361 323 361 327 389 c 128,-1,69
 331 417 331 417 339 438 c 0,70,71
 347 461 347 461 342.5 481.5 c 128,-1,72
 338 502 338 502 315 546 c 0,73,74
 276 622 276 622 218 673 c 0,75,76
 182 705 182 705 151 711.5 c 128,-1,77
 120 718 120 718 101 698 c 0,78,79
 92 689 92 689 89.5 681 c 128,-1,80
 87 673 87 673 87 657 c 0,81,82
 88 640 88 640 91.5 632 c 128,-1,83
 95 624 95 624 108 611 c 0,84,85
 138 581 138 581 118 575 c 0,86,87
 115 574 115 574 111 574 c 0,88,89
 102 574 102 574 96 580 c 128,-1,90
 90 586 90 586 71 612 c 0,91,92
 59 628 59 628 49 661 c 128,-1,93
 39 694 39 694 42.5 706.5 c 128,-1,94
 46 719 46 719 57.5 732.5 c 128,-1,95
 69 746 69 746 81 753 c 0,96,97
 97 761 97 761 124.5 757.5 c 128,-1,98
 152 754 152 754 178 741 c 0,99,100
 212 724 212 724 264 667.5 c 128,-1,101
 316 611 316 611 341 564 c 0,102,103
 347 553 347 553 352 546.5 c 128,-1,104
 357 540 357 540 359 541 c 0,105,106
 363 544 363 544 369 563 c 0,107,108
 375 581 375 581 391.5 612.5 c 128,-1,109
 408 644 408 644 413 648 c 0,110,111
 419 652 419 652 414 652 c 0,112,113
 411 652 411 652 429 675 c 128,-1,114
 447 698 447 698 468 721 c 128,-1,115
 489 744 489 744 492.5 744 c 128,-1,116
 496 744 496 744 510.5 754.5 c 128,-1,117
 525 765 525 765 545.5 768 c 128,-1,118
 566 771 566 771 568 774 c 0,0,1
EndSplineSet
EndChar

StartChar: Z
Encoding: 90 90 46
Width: 736
GlyphClass: 1
Flags: W
LayerCount: 2
Fore
SplineSet
544 767 m 0,0,1
 569 787 569 787 569 773 c 0,2,3
 569 763 569 763 557 742 c 0,4,5
 547 726 547 726 527.5 696 c 128,-1,6
 508 666 508 666 505 663 c 256,7,8
 502 660 502 660 478 629 c 128,-1,9
 454 598 454 598 444 587.5 c 128,-1,10
 434 577 434 577 420 558.5 c 128,-1,11
 406 540 406 540 385 517 c 0,12,13
 358 489 358 489 295 409 c 0,14,15
 290 403 290 403 299.5 390.5 c 128,-1,16
 309 378 309 378 328 366 c 0,17,18
 370 339 370 339 399 365 c 0,19,20
 408 373 408 373 410 373.5 c 128,-1,21
 412 374 412 374 415 369 c 0,22,23
 418 359 418 359 408.5 342.5 c 128,-1,24
 399 326 399 326 386 320 c 0,25,26
 373 313 373 313 345 313 c 0,27,28
 325 313 325 313 317 316 c 128,-1,29
 309 319 309 319 293 330 c 0,30,31
 269 348 269 348 266 356 c 256,32,33
 263 364 263 364 253 350 c 0,34,35
 245 340 245 340 224 304 c 0,36,37
 169 213 169 213 173 200 c 0,38,39
 175 194 175 194 192 180.5 c 128,-1,40
 209 167 209 167 215 167 c 0,41,42
 218 167 218 167 233 161 c 0,43,44
 275 143 275 143 349 131.5 c 128,-1,45
 423 120 423 120 456 127 c 0,46,47
 474 131 474 131 481 131 c 0,48,49
 489 131 489 131 540 152.5 c 128,-1,50
 591 174 591 174 606 184 c 0,51,52
 623 194 623 194 644.5 215.5 c 128,-1,53
 666 237 666 237 671 237 c 0,54,55
 675 237 675 237 676 232.5 c 128,-1,56
 677 228 677 228 674 216 c 128,-1,57
 671 204 671 204 664.5 184.5 c 128,-1,58
 658 165 658 165 646 132 c 0,59,60
 643 123 643 123 638 110 c 0,61,62
 632 96 632 96 611.5 70.5 c 128,-1,63
 591 45 591 45 580 39 c 0,64,65
 533 15 533 15 450 3 c 0,66,67
 404 -3 404 -3 313 -2 c 128,-1,68
 222 -1 222 -1 160 8 c 0,69,70
 104 15 104 15 95 16 c 0,71,72
 85 17 85 17 84 36.5 c 128,-1,73
 83 56 83 56 93 80 c 0,74,75
 103 105 103 105 112 132.5 c 128,-1,76
 121 160 121 160 125.5 164.5 c 128,-1,77
 130 169 130 169 130 174.5 c 128,-1,78
 130 180 130 180 151 224.5 c 128,-1,79
 172 269 172 269 175 271 c 0,80,81
 180 274 180 274 190 293.5 c 128,-1,82
 200 313 200 313 221.5 345.5 c 128,-1,83
 243 378 243 378 244.5 380.5 c 128,-1,84
 246 383 246 383 239 386.5 c 128,-1,85
 232 390 232 390 221.5 392 c 128,-1,86
 211 394 211 394 202 394 c 0,87,88
 161 394 161 394 146 369 c 0,89,90
 140 361 140 361 134.5 356.5 c 128,-1,91
 129 352 129 352 124.5 353 c 128,-1,92
 120 354 120 354 118 361 c 0,93,94
 112 379 112 379 143.5 406.5 c 128,-1,95
 175 434 175 434 204 437 c 0,96,97
 225 439 225 439 250 431 c 2,98,-1
 276 423 l 1,99,-1
 285 435 l 2,100,101
 293 447 293 447 328 488 c 128,-1,102
 363 529 363 529 377 545 c 2,103,-1
 390 561 l 1,104,-1
 370 561 l 2,105,106
 349 562 349 562 342.5 561.5 c 128,-1,107
 336 561 336 561 282 560 c 0,108,109
 233 560 233 560 199 567.5 c 128,-1,110
 165 575 165 575 129 593 c 0,111,112
 94 611 94 611 77 613 c 0,113,114
 58 615 58 615 55 621 c 128,-1,115
 52 627 52 627 62 644 c 0,116,117
 74 665 74 665 90 699 c 128,-1,118
 106 733 106 733 106 737 c 256,119,120
 106 741 106 741 117.5 748.5 c 128,-1,121
 129 756 129 756 139.5 750 c 128,-1,122
 150 744 150 744 153 741 c 0,123,124
 157 735 157 735 192.5 719 c 128,-1,125
 228 703 228 703 245 700 c 0,126,127
 321 684 321 684 353 696 c 0,128,129
 373 703 373 703 393 706 c 0,130,131
 434 711 434 711 485 737 c 0,132,133
 520 755 520 755 525 755.5 c 128,-1,134
 530 756 530 756 544 767 c 0,0,1
EndSplineSet
EndChar

StartChar: a
Encoding: 97 97 47
Width: 504
GlyphClass: 1
Flags: W
LayerCount: 2
Fore
SplineSet
150 477 m 0,0,1
 171 494 171 494 180 496 c 128,-1,2
 189 498 189 498 193 487 c 0,3,4
 196 477 196 477 201 477 c 128,-1,5
 206 477 206 477 226 459 c 0,6,7
 328 367 328 367 358 346 c 0,8,9
 383 328 383 328 397.5 308.5 c 128,-1,10
 412 289 412 289 407 280 c 0,11,12
 396 262 396 262 392 211 c 0,13,14
 391 194 391 194 387.5 143 c 128,-1,15
 384 92 384 92 392 73 c 0,16,17
 401 53 401 53 409.5 48 c 128,-1,18
 418 43 418 43 428 52 c 0,19,20
 448 69 448 69 451 58 c 0,21,22
 452 55 452 55 450 51 c 0,23,24
 445 35 445 35 432 17 c 128,-1,25
 419 -1 419 -1 409 -6 c 0,26,27
 395 -13 395 -13 395 -17 c 0,28,29
 393 -22 393 -22 381 -20.5 c 128,-1,30
 369 -19 369 -19 350.5 -11 c 128,-1,31
 332 -3 332 -3 321 7 c 2,32,-1
 306 20 l 1,33,-1
 260 -2 l 1,34,-1
 214 -24 l 1,35,-1
 144 8 l 2,36,37
 75 39 75 39 70 50 c 128,-1,38
 65 61 65 61 65 131 c 0,39,40
 65 183 65 183 66.5 193 c 128,-1,41
 68 203 68 203 79 212 c 0,42,43
 91 223 91 223 120.5 237 c 128,-1,44
 150 251 150 251 167 253 c 0,45,46
 182 256 182 256 188 260 c 128,-1,47
 194 264 194 264 209 265 c 128,-1,48
 224 266 224 266 229.5 269 c 128,-1,49
 235 272 235 272 247.5 273 c 128,-1,50
 260 274 260 274 276.5 288.5 c 128,-1,51
 293 303 293 303 297 303 c 0,52,53
 307 303 307 303 296 279 c 0,54,55
 292 270 292 270 286 263 c 0,56,57
 267 241 267 241 214 233 c 0,58,59
 199 230 199 230 193.5 226 c 128,-1,60
 188 222 188 222 168 216 c 0,61,62
 154 212 154 212 151 208.5 c 128,-1,63
 148 205 148 205 148 193 c 0,64,65
 148 175 148 175 145.5 138.5 c 128,-1,66
 143 102 143 102 147 97 c 128,-1,67
 151 92 151 92 174 78.5 c 128,-1,68
 197 65 197 65 203 61 c 0,69,70
 224 44 224 44 231 41 c 128,-1,71
 238 38 238 38 250 40 c 0,72,73
 265 42 265 42 282.5 49.5 c 128,-1,74
 300 57 300 57 306.5 64 c 128,-1,75
 313 71 313 71 312 200 c 2,76,-1
 311 329 l 1,77,-1
 281 354 l 2,78,79
 251 379 251 379 230 397 c 128,-1,80
 209 415 209 415 189 429 c 2,81,-1
 170 443 l 1,82,-1
 147 425 l 2,83,84
 114 401 114 401 104.5 369 c 128,-1,85
 95 337 95 337 106 292 c 0,86,87
 111 269 111 269 105 260 c 0,88,89
 100 253 100 253 90 248 c 128,-1,90
 80 243 80 243 78 246 c 0,91,92
 77 247 77 247 58 274 c 0,93,94
 30 315 30 315 24 352 c 0,95,96
 22 364 22 364 29 372.5 c 128,-1,97
 36 381 36 381 73 412 c 0,98,99
 125 457 125 457 150 477 c 0,0,1
EndSplineSet
EndChar

StartChar: b
Encoding: 98 98 48
Width: 532
GlyphClass: 1
Flags: W
LayerCount: 2
Fore
SplineSet
133 738.5 m 128,-1,1
 133 757 133 757 136.5 757 c 128,-1,2
 140 757 140 757 151.5 741.5 c 128,-1,3
 163 726 163 726 169 714 c 0,4,5
 174 702 174 702 192 682 c 128,-1,6
 210 662 210 662 232 616 c 0,7,8
 260 558 260 558 250 558 c 0,9,10
 245 558 245 558 244.5 531.5 c 128,-1,11
 244 505 244 505 241 502 c 0,12,13
 240 499 240 499 239.5 469 c 128,-1,14
 239 439 239 439 241 409 c 0,15,16
 241 398 241 398 238 388 c 0,17,18
 235 380 235 380 239 380 c 0,19,20
 242 380 242 380 256 385 c 0,21,22
 279 392 279 392 323 390 c 0,23,24
 376 387 376 387 404 370 c 128,-1,25
 432 353 432 353 454 309 c 0,26,27
 462 294 462 294 462 213 c 2,28,-1
 462 132 l 1,29,-1
 434 104 l 2,30,31
 414 83 414 83 409 73.5 c 128,-1,32
 404 64 404 64 411 60 c 0,33,34
 415 57 415 57 415 50 c 128,-1,35
 415 43 415 43 424 31 c 0,36,37
 434 18 434 18 432.5 14.5 c 128,-1,38
 431 11 431 11 416 12 c 0,39,40
 397 13 397 13 394 10 c 128,-1,41
 391 7 391 7 363.5 7 c 128,-1,42
 336 7 336 7 308.5 -7.5 c 128,-1,43
 281 -22 281 -22 276 -18.5 c 128,-1,44
 271 -15 271 -15 260 9 c 0,45,46
 240 54 240 54 239 27 c 0,47,48
 238 2 238 2 233.5 -6.5 c 128,-1,49
 229 -15 229 -15 219 -13 c 0,50,51
 207 -11 207 -11 204.5 -7 c 128,-1,52
 202 -3 202 -3 194 -3 c 256,53,54
 186 -3 186 -3 112 33 c 0,55,56
 82 47 82 47 73.5 62.5 c 128,-1,57
 65 78 65 78 49 145 c 0,58,59
 40 184 40 184 45 190 c 0,60,61
 52 198 52 198 57 195 c 128,-1,62
 62 192 62 192 73 174 c 0,63,64
 95 137 95 137 130 129 c 2,65,-1
 143 126 l 1,66,-1
 142 421 l 2,67,68
 141 715 141 715 137 717.5 c 128,-1,0
 133 720 133 720 133 738.5 c 128,-1,1
353 354 m 0,69,70
 336 363 336 363 315 364.5 c 128,-1,71
 294 366 294 366 282 358 c 0,72,73
 261 344 261 344 257.5 324 c 128,-1,74
 254 304 254 304 253 195 c 0,75,76
 253 62 253 62 258.5 62 c 128,-1,77
 264 62 264 62 288 74 c 128,-1,78
 312 86 312 86 348 89 c 2,79,-1
 384 92 l 1,80,-1
 384 205 l 2,81,82
 383 257 383 257 382.5 279.5 c 128,-1,83
 382 302 382 302 378.5 319.5 c 128,-1,84
 375 337 375 337 370 342.5 c 128,-1,85
 365 348 365 348 353 354 c 0,69,70
EndSplineSet
EndChar

StartChar: c
Encoding: 99 99 49
Width: 478
GlyphClass: 1
Flags: W
LayerCount: 2
Fore
SplineSet
179 434 m 0,0,1
 187 441 187 441 195.5 442 c 128,-1,2
 204 443 204 443 209 437 c 0,3,4
 219 425 219 425 278 412.5 c 128,-1,5
 337 400 337 400 367.5 403 c 128,-1,6
 398 406 398 406 404 405.5 c 128,-1,7
 410 405 410 405 412 399 c 0,8,9
 415 390 415 390 402 380 c 128,-1,10
 389 370 389 370 389 368 c 0,11,12
 390 362 390 362 377 344 c 128,-1,13
 364 326 364 326 358 324 c 0,14,15
 347 321 347 321 306 321 c 0,16,17
 250 321 250 321 172 347 c 2,18,-1
 148 355 l 1,19,-1
 150 210 l 2,20,21
 152 86 152 86 158 63 c 128,-1,22
 164 40 164 40 196 37 c 0,23,24
 303 25 303 25 350 50 c 0,25,26
 366 58 366 58 373.5 58 c 128,-1,27
 381 58 381 58 399.5 69.5 c 128,-1,28
 418 81 418 81 425 81 c 0,29,30
 441 81 441 81 426 57 c 0,31,32
 420 48 420 48 410 38 c 0,33,34
 392 20 392 20 363.5 8 c 128,-1,35
 335 -4 335 -4 306 -5 c 0,36,37
 207 -10 207 -10 187.5 -8 c 128,-1,38
 168 -6 168 -6 111 13 c 0,39,40
 95 19 95 19 78 42 c 2,41,-1
 61 65 l 1,42,-1
 61 183 l 1,43,-1
 61 301 l 1,44,-1
 95 333 l 2,45,46
 129 366 129 366 149.5 396 c 128,-1,47
 170 426 170 426 179 434 c 0,0,1
EndSplineSet
EndChar

StartChar: d
Encoding: 100 100 50
Width: 517
GlyphClass: 1
Flags: W
LayerCount: 2
Fore
SplineSet
372 733 m 128,-1,1
 383 748 383 748 387 748 c 0,2,3
 389 748 389 748 390 739 c 128,-1,4
 391 730 391 730 390 720 c 128,-1,5
 389 710 389 710 387 709 c 0,6,7
 382 706 382 706 382 412 c 2,8,-1
 381 117 l 1,9,-1
 394 120 l 2,10,11
 428 128 428 128 451 165 c 0,12,13
 462 183 462 183 467 186 c 128,-1,14
 472 189 472 189 478 181 c 0,15,16
 484 175 484 175 475 136 c 0,17,18
 459 69 459 69 450.5 53.5 c 128,-1,19
 442 38 442 38 412 24 c 0,20,21
 338 -12 338 -12 329 -12 c 0,22,23
 322 -12 322 -12 319.5 -16 c 128,-1,24
 317 -20 317 -20 305 -22 c 0,25,26
 295 -24 295 -24 290.5 -15.5 c 128,-1,27
 286 -7 286 -7 285 18 c 0,28,29
 284 45 284 45 264 0 c 0,30,31
 253 -24 253 -24 247.5 -27.5 c 128,-1,32
 242 -31 242 -31 215 -16.5 c 128,-1,33
 188 -2 188 -2 160.5 -2 c 128,-1,34
 133 -2 133 -2 129.5 1 c 128,-1,35
 126 4 126 4 108 3 c 0,36,37
 93 2 93 2 91 5.5 c 128,-1,38
 89 9 89 9 99 22 c 0,39,40
 108 34 108 34 108 41 c 128,-1,41
 108 48 108 48 113 51 c 0,42,43
 120 55 120 55 115 64.5 c 128,-1,44
 110 74 110 74 90 95 c 2,45,-1
 62 123 l 1,46,-1
 62 204 l 2,47,48
 62 285 62 285 70 300 c 0,49,50
 92 344 92 344 119.5 361 c 128,-1,51
 147 378 147 378 201 381 c 0,52,53
 245 383 245 383 267 376 c 0,54,55
 287 370 287 370 287 372 c 0,56,57
 288 374 288 374 286 379 c 0,58,59
 282 389 282 389 283 400 c 0,60,61
 284 430 284 430 284 460 c 128,-1,62
 284 490 284 490 282 493 c 256,63,64
 280 496 280 496 279 522.5 c 128,-1,65
 278 549 278 549 274 549 c 0,66,67
 264 549 264 549 292 607 c 0,68,69
 313 653 313 653 331.5 673 c 128,-1,70
 350 693 350 693 355.5 705.5 c 128,-1,0
 361 718 361 718 372 733 c 128,-1,1
241 349 m 0,71,72
 225 359 225 359 223.5 358 c 128,-1,73
 222 357 222 357 200.5 354 c 128,-1,74
 179 351 179 351 167 344 c 0,75,76
 149 332 149 332 144.5 310 c 128,-1,77
 140 288 140 288 140 196 c 2,78,-1
 139 83 l 1,79,-1
 175 80 l 2,80,81
 212 77 212 77 236 65 c 128,-1,82
 260 53 260 53 265.5 53 c 128,-1,83
 271 53 271 53 270 186 c 0,84,85
 270 295 270 295 266.5 315.5 c 128,-1,86
 263 336 263 336 241 349 c 0,71,72
EndSplineSet
EndChar

StartChar: e
Encoding: 101 101 51
Width: 426
GlyphClass: 1
Flags: W
LayerCount: 2
Fore
SplineSet
133.5 451.5 m 128,-1,1
 138 455 138 455 150 446 c 0,2,3
 186 421 186 421 226 416 c 0,4,5
 248 413 248 413 297 418 c 128,-1,6
 346 423 346 423 352 428 c 0,7,8
 356 432 356 432 368 432.5 c 128,-1,9
 380 433 380 433 389 439.5 c 128,-1,10
 398 446 398 446 402 446 c 0,11,12
 404 445 404 445 403.5 438.5 c 128,-1,13
 403 432 403 432 400.5 423.5 c 128,-1,14
 398 415 398 415 396 411 c 0,15,16
 392 407 392 407 389 390 c 0,17,18
 386 379 386 379 375 359.5 c 128,-1,19
 364 340 364 340 356 333 c 0,20,21
 351 328 351 328 337 307 c 0,22,23
 331 298 331 298 320.5 286 c 128,-1,24
 310 274 310 274 301.5 266 c 128,-1,25
 293 258 293 258 292.5 260 c 128,-1,26
 292 262 292 262 273.5 254 c 128,-1,27
 255 246 255 246 218 240 c 0,28,29
 156 229 156 229 145 220 c 0,30,31
 137 213 137 213 126.5 208 c 128,-1,32
 116 203 116 203 111 193 c 0,33,34
 105 182 105 182 106.5 126.5 c 128,-1,35
 108 71 108 71 114 58 c 0,36,37
 121 44 121 44 140 34.5 c 128,-1,38
 159 25 159 25 179 27 c 0,39,40
 219 31 219 31 227 43 c 0,41,42
 230 48 230 48 244.5 48 c 128,-1,43
 259 48 259 48 278 59 c 0,44,45
 295 70 295 70 312 76 c 128,-1,46
 329 82 329 82 331 80 c 0,47,48
 332 79 332 79 325 69 c 128,-1,49
 318 59 318 59 308 47 c 128,-1,50
 298 35 298 35 292 31 c 0,51,52
 278 23 278 23 244 11.5 c 128,-1,53
 210 0 210 0 187 -2 c 0,54,55
 152 -4 152 -4 117 3.5 c 128,-1,56
 82 11 82 11 69 24 c 0,57,58
 47 45 47 45 43 69 c 128,-1,59
 39 93 39 93 39 190 c 2,60,-1
 40 310 l 1,61,-1
 68 346 l 2,62,63
 96 383 96 383 112.5 415.5 c 128,-1,0
 129 448 129 448 133.5 451.5 c 128,-1,1
133.5 353 m 128,-1,65
 114 363 114 363 110 363 c 128,-1,66
 106 363 106 363 106 295.5 c 128,-1,67
 106 228 106 228 107.5 228 c 128,-1,68
 109 228 109 228 125 240 c 0,69,70
 175 278 175 278 234 282 c 0,71,72
 254 283 254 283 277 291.5 c 128,-1,73
 300 300 300 300 307 308 c 0,74,75
 310 312 310 312 302 313 c 0,76,77
 296 314 296 314 276 314 c 0,78,79
 241 313 241 313 197 328 c 128,-1,64
 153 343 153 343 133.5 353 c 128,-1,65
EndSplineSet
EndChar

StartChar: f
Encoding: 102 102 52
Width: 428
GlyphClass: 1
Flags: W
LayerCount: 2
Fore
SplineSet
147 781 m 0,0,1
 151 794 151 794 161.5 791 c 128,-1,2
 172 788 172 788 174.5 782.5 c 128,-1,3
 177 777 177 777 184 777 c 0,4,5
 192 777 192 777 262 732 c 0,6,7
 277 721 277 721 283.5 715.5 c 128,-1,8
 290 710 290 710 297 692.5 c 128,-1,9
 304 675 304 675 308 655.5 c 128,-1,10
 312 636 312 636 321 587 c 0,11,12
 329 537 329 537 324 529 c 0,13,14
 316 516 316 516 309 528 c 0,15,16
 305 534 305 534 298 549 c 0,17,18
 277 597 277 597 245 607 c 2,19,-1
 233 611 l 1,20,-1
 233 543 l 1,21,-1
 233 475 l 1,22,-1
 249 455 l 2,23,24
 266 435 266 435 268 435 c 0,25,26
 273 436 273 436 281 429.5 c 128,-1,27
 289 423 289 423 289 419 c 0,28,29
 289 413 289 413 296 413 c 128,-1,30
 303 413 303 413 303 408 c 128,-1,31
 303 403 303 403 312.5 397 c 128,-1,32
 322 391 322 391 338 405 c 0,33,34
 354 418 354 418 359 418 c 128,-1,35
 364 418 364 418 366 404 c 0,36,37
 372 371 372 371 341 332 c 0,38,39
 329 318 329 318 324 315 c 128,-1,40
 319 312 319 312 308 315 c 0,41,42
 292 319 292 319 272 338.5 c 128,-1,43
 252 358 252 358 242 365 c 2,44,-1
 232 372 l 1,45,-1
 233 112 l 2,46,47
 234 -148 234 -148 238 -152 c 0,48,49
 240 -153 240 -153 241 -166 c 128,-1,50
 242 -179 242 -179 241 -190.5 c 128,-1,51
 240 -202 240 -202 238 -202 c 0,52,53
 235 -202 235 -202 224 -182 c 128,-1,54
 213 -162 213 -162 208 -147 c 0,55,56
 203 -131 203 -131 186 -105.5 c 128,-1,57
 169 -80 169 -80 149 -21 c 0,58,59
 122 55 122 55 132 55 c 0,60,61
 136 55 136 55 136.5 80.5 c 128,-1,62
 137 106 137 106 140.5 147.5 c 128,-1,63
 144 189 144 189 141 221.5 c 128,-1,64
 138 254 138 254 141 266.5 c 128,-1,65
 144 279 144 279 142 343 c 2,66,-1
 141 407 l 1,67,-1
 127 407 l 2,68,69
 113 407 113 407 98 391.5 c 128,-1,70
 83 376 83 376 74 352 c 256,71,72
 65 328 65 328 60.5 325.5 c 128,-1,73
 56 323 56 323 46 334 c 0,74,75
 23 361 23 361 77 426 c 0,76,77
 85 437 85 437 92 445 c 128,-1,78
 99 453 99 453 103.5 457.5 c 128,-1,79
 108 462 108 462 108.5 461 c 128,-1,80
 109 460 109 460 110.5 460.5 c 128,-1,81
 112 461 112 461 114 463 c 128,-1,82
 116 465 116 465 118 468 c 0,83,84
 126 478 126 478 135 480 c 0,85,86
 141 481 141 481 142.5 487.5 c 128,-1,87
 144 494 144 494 143 515 c 0,88,89
 143 548 143 548 142 565 c 0,90,91
 140 596 140 596 142 684 c 128,-1,92
 144 772 144 772 147 781 c 0,0,1
EndSplineSet
EndChar

StartChar: g
Encoding: 103 103 53
Width: 623
GlyphClass: 1
Flags: W
LayerCount: 2
Fore
SplineSet
278 458 m 0,0,1
 297 468 297 468 298 467 c 256,2,3
 299 466 299 466 296 462 c 0,4,5
 292 456 292 456 302 448.5 c 128,-1,6
 312 441 312 441 312 426 c 0,7,8
 312 422 312 422 312.5 419 c 128,-1,9
 313 416 313 416 314.5 414.5 c 128,-1,10
 316 413 316 413 318 414 c 0,11,12
 321 416 321 416 322 414 c 0,13,14
 322 412 322 412 321 409 c 0,15,16
 317 401 317 401 326 394 c 0,17,18
 334 387 334 387 334 398 c 0,19,20
 335 401 335 401 334 407 c 0,21,22
 333 428 333 428 327.5 436 c 128,-1,23
 322 444 322 444 329.5 440 c 128,-1,24
 337 436 337 436 341 446 c 0,25,26
 345 455 345 455 354.5 454.5 c 128,-1,27
 364 454 364 454 391 442 c 0,28,29
 420 429 420 429 426 433 c 0,30,31
 429 435 429 435 430.5 434 c 128,-1,32
 432 433 432 433 431 429 c 0,33,34
 430 423 430 423 469 408 c 128,-1,35
 508 393 508 393 513 398 c 0,36,37
 514 399 514 399 515 399 c 0,38,39
 516 398 516 398 513 395 c 0,40,41
 509 388 509 388 524 376.5 c 128,-1,42
 539 365 539 365 544 341 c 0,43,44
 545 334 545 334 547 329 c 128,-1,45
 549 324 549 324 551 322 c 128,-1,46
 553 320 553 320 555 322 c 0,47,48
 559 324 559 324 559 322 c 2,49,50
 559 322 559 322 558 320 c 0,51,52
 555 314 555 314 561.5 286.5 c 128,-1,53
 568 259 568 259 569.5 246.5 c 128,-1,54
 571 234 571 234 573 228 c 0,55,56
 575 218 575 218 569.5 211 c 128,-1,57
 564 204 564 204 555.5 205 c 128,-1,58
 547 206 547 206 543.5 215 c 128,-1,59
 540 224 540 224 535 221 c 0,60,61
 531 219 531 219 531 225 c 0,62,63
 530 227 530 227 531 229 c 0,64,65
 532 240 532 240 524.5 240 c 128,-1,66
 517 240 517 240 512 246 c 0,67,68
 509 249 509 249 510 248 c 0,69,70
 512 248 512 248 514 247 c 0,71,72
 522 243 522 243 522 248 c 0,73,74
 522 255 522 255 506 264 c 128,-1,75
 490 273 490 273 473 276 c 2,76,-1
 453 280 l 1,77,-1
 450 123 l 2,78,79
 447 -34 447 -34 444.5 -82.5 c 128,-1,80
 442 -131 442 -131 446 -129 c 0,81,82
 469 -116 469 -116 492 -110 c 0,83,84
 503 -106 503 -106 520 -82 c 0,85,86
 534 -64 534 -64 559.5 -46 c 128,-1,87
 585 -28 585 -28 590 -33 c 256,88,89
 595 -38 595 -38 582 -62.5 c 128,-1,90
 569 -87 569 -87 547 -116 c 0,91,92
 521 -151 521 -151 482 -174 c 2,93,-1
 444 -198 l 1,94,-1
 442 -288 l 2,95,96
 440 -377 440 -377 435 -406 c 128,-1,97
 430 -435 430 -435 412 -469 c 0,98,99
 400 -491 400 -491 391.5 -500 c 128,-1,100
 383 -509 383 -509 372 -512 c 0,101,102
 357 -516 357 -516 338.5 -510 c 128,-1,103
 320 -504 320 -504 241 -470 c 0,104,105
 181 -443 181 -443 109 -413.5 c 128,-1,106
 37 -384 37 -384 37 -376.5 c 128,-1,107
 37 -369 37 -369 48 -354 c 0,108,109
 71 -324 71 -324 130 -211 c 0,110,111
 160 -154 160 -154 195 -134 c 128,-1,112
 230 -114 230 -114 286 -121 c 2,113,-1
 318 -126 l 1,114,-1
 316 -73 l 1,115,-1
 315 -20 l 1,116,-1
 292 -26 l 2,117,118
 256 -36 256 -36 187 -21 c 128,-1,119
 118 -6 118 -6 106 15 c 0,120,121
 101 25 101 25 94 22 c 0,122,123
 92 20 92 20 90.5 20.5 c 128,-1,124
 89 21 89 21 90 23 c 0,125,126
 91 28 91 28 88.5 36 c 128,-1,127
 86 44 86 44 82 49.5 c 128,-1,128
 78 55 78 55 75 53 c 128,-1,129
 72 51 72 51 72 54 c 256,130,131
 72 57 72 57 73 60 c 0,132,133
 76 67 76 67 74 67 c 0,134,135
 73 68 73 68 70 66 c 0,136,137
 65 63 65 63 66 67 c 0,138,139
 66 69 66 69 67 72 c 0,140,141
 69 80 69 80 65 80 c 0,142,143
 60 76 60 76 60 184 c 0,144,145
 60 213 60 213 60.5 237.5 c 128,-1,146
 61 262 61 262 62 276 c 128,-1,147
 63 290 63 290 65 289 c 0,148,149
 70 286 70 286 88 303.5 c 128,-1,150
 106 321 106 321 103 326 c 0,151,152
 102 328 102 328 102 329 c 256,153,154
 102 330 102 330 106 328 c 0,155,156
 113 324 113 324 123 338 c 0,157,158
 129 348 129 348 129 354 c 128,-1,159
 129 360 129 360 122 376 c 0,160,161
 111 399 111 399 105.5 399 c 128,-1,162
 100 399 100 399 108 388 c 2,163,-1
 112 381 l 1,164,165
 111 382 111 382 108 385 c 0,166,167
 99 392 99 392 97 408 c 0,168,169
 96 419 96 419 99 421.5 c 128,-1,170
 102 424 102 424 113 423 c 0,171,172
 143 422 143 422 144 427 c 0,173,174
 144 428 144 428 143 430 c 0,175,176
 141 433 141 433 144 433 c 0,177,178
 147 434 147 434 153 431 c 0,179,180
 169 426 169 426 199 429 c 128,-1,181
 229 432 229 432 235 440 c 0,182,183
 243 449 243 449 251 449 c 128,-1,184
 259 449 259 449 278 458 c 0,0,1
312 199 m 2,185,186
 312 243 312 243 311.5 280.5 c 128,-1,187
 311 318 311 318 310 339.5 c 128,-1,188
 309 361 309 361 307 361 c 0,189,190
 301 360 301 360 296.5 358 c 128,-1,191
 292 356 292 356 290 353.5 c 128,-1,192
 288 351 288 351 289 349 c 0,193,194
 291 346 291 346 286 345 c 0,195,196
 284 345 284 345 281 345 c 0,197,198
 277 345 277 345 274 343.5 c 128,-1,199
 271 342 271 342 271 340 c 0,200,201
 272 333 272 333 258.5 332.5 c 128,-1,202
 245 332 245 332 202 327 c 2,203,-1
 160 322 l 1,204,-1
 162 192 l 2,205,206
 163 116 163 116 166 83 c 128,-1,207
 169 50 169 50 176.5 35 c 128,-1,208
 184 20 184 20 201 14 c 0,209,210
 238 1 238 1 260 4 c 0,211,212
 263 6 263 6 264 7 c 0,213,214
 262 10 262 10 264 10 c 256,215,216
 266 10 266 10 269 9 c 0,217,218
 277 6 277 6 294 21 c 2,219,-1
 311 36 l 1,220,-1
 312 199 l 2,185,186
309 -205 m 128,-1,222
 301 -205 301 -205 281 -202 c 0,223,224
 267 -199 267 -199 261 -203 c 128,-1,225
 255 -207 255 -207 242 -227 c 0,226,227
 223 -257 223 -257 215.5 -279.5 c 128,-1,228
 208 -302 208 -302 193 -327 c 2,229,-1
 178 -352 l 1,230,-1
 218 -370 l 2,231,232
 257 -387 257 -387 285 -399.5 c 128,-1,233
 313 -412 313 -412 315.5 -409.5 c 128,-1,234
 318 -407 318 -407 317.5 -360.5 c 128,-1,235
 317 -314 317 -314 317 -259.5 c 128,-1,221
 317 -205 317 -205 309 -205 c 128,-1,222
EndSplineSet
EndChar

StartChar: h
Encoding: 104 104 54
Width: 514
GlyphClass: 1
Flags: W
LayerCount: 2
Fore
SplineSet
124 737 m 128,-1,1
 124 758 124 758 128 758 c 128,-1,2
 132 758 132 758 143.5 740 c 128,-1,3
 155 722 155 722 160 709 c 0,4,5
 166 694 166 694 184 671 c 128,-1,6
 202 648 202 648 223 595 c 0,7,8
 251 527 251 527 241 527 c 0,9,10
 237 527 237 527 236 496.5 c 128,-1,11
 235 466 235 466 233 462 c 0,12,13
 231 459 231 459 231 424 c 128,-1,14
 231 389 231 389 232 355 c 0,15,16
 233 341 233 341 229 330 c 0,17,18
 226 321 226 321 229 320 c 0,19,20
 232 320 232 320 248 326 c 0,21,22
 270 334 270 334 314 332 c 0,23,24
 368 328 368 328 395.5 308.5 c 128,-1,25
 423 289 423 289 445 238 c 0,26,27
 453 221 453 221 453 126 c 2,28,-1
 453 31 l 1,29,-1
 429 4 l 2,30,31
 387 -43 387 -43 379 -43 c 0,32,33
 375 -43 375 -43 372 -32 c 128,-1,34
 369 -21 369 -21 372 -16 c 0,35,36
 376 -10 376 -10 375 119 c 128,-1,37
 374 248 374 248 367 263 c 0,38,39
 356 289 356 289 325.5 299 c 128,-1,40
 295 309 295 309 273 294 c 0,41,42
 249 277 249 277 246 255 c 0,43,44
 246 250 246 250 245 98 c 2,45,-1
 245 -53 l 1,46,-1
 226 -62 l 2,47,48
 209 -70 209 -70 169.5 -70.5 c 128,-1,49
 130 -71 130 -71 114 -63 c 0,50,51
 99 -56 99 -56 82 -52 c 0,52,53
 71 -50 71 -50 67 -45 c 128,-1,54
 63 -40 63 -40 58 -21 c 0,55,56
 27 86 27 86 37 100 c 0,57,58
 43 109 43 109 48 105.5 c 128,-1,59
 53 102 53 102 64 81 c 0,60,61
 87 38 87 38 121 29 c 2,62,-1
 134 25 l 1,63,-1
 133 368 l 2,64,65
 133 710 133 710 128.5 713 c 128,-1,0
 124 716 124 716 124 737 c 128,-1,1
EndSplineSet
EndChar

StartChar: i
Encoding: 105 105 55
Width: 204
GlyphClass: 1
Flags: W
LayerCount: 2
Fore
SplineSet
100 342 m 0,0,1
 128 359 128 359 134 353 c 0,2,3
 141 346 141 346 141 265 c 0,4,5
 142 176 142 176 144 78 c 0,6,7
 146 4 146 4 145 -11.5 c 128,-1,8
 144 -27 144 -27 136 -44 c 0,9,10
 125 -66 125 -66 126 -68 c 0,11,12
 127 -69 127 -69 126.5 -69 c 128,-1,13
 126 -69 126 -69 126 -69 c 2,14,15
 124 -68 124 -68 113.5 -83 c 128,-1,16
 103 -98 103 -98 103 -102 c 0,17,18
 103 -105 103 -105 108 -102 c 0,19,20
 110 -100 110 -100 110.5 -100.5 c 128,-1,21
 111 -101 111 -101 110 -104 c 0,22,23
 107 -110 107 -110 103 -107 c 128,-1,24
 99 -104 99 -104 94.5 -115 c 128,-1,25
 90 -126 90 -126 86 -126 c 256,26,27
 82 -126 82 -126 86 -109 c 0,28,29
 90 -89 90 -89 89 -89 c 256,30,31
 88 -89 88 -89 86 -91 c 0,32,33
 85 -92 85 -92 84 -89 c 128,-1,34
 83 -86 83 -86 83 -81 c 0,35,36
 84 -71 84 -71 86 -71 c 0,37,38
 87 -72 87 -72 88 -49.5 c 128,-1,39
 89 -27 89 -27 89.5 11.5 c 128,-1,40
 90 50 90 50 90 95 c 0,41,42
 90 257 90 257 85 261 c 0,43,44
 84 262 84 262 81 261 c 0,45,46
 72 258 72 258 72 253 c 128,-1,47
 72 248 72 248 69 251 c 0,48,49
 67 252 67 252 63.5 248 c 128,-1,50
 60 244 60 244 57 238 c 0,51,52
 49 221 49 221 43 222 c 128,-1,53
 37 223 37 223 37 241 c 256,54,55
 37 259 37 259 44.5 282.5 c 128,-1,56
 52 306 52 306 61 317 c 0,57,58
 72 328 72 328 69 332 c 2,59,-1
 68 334 l 1,60,61
 69 334 69 334 71 332 c 0,62,63
 76 329 76 329 100 342 c 0,0,1
118 572 m 0,64,65
 134 583 134 583 138 565 c 0,66,67
 141 551 141 551 141 512 c 0,68,69
 141 468 141 468 134 455 c 128,-1,70
 127 442 127 442 130 437 c 0,71,72
 131 435 131 435 130.5 434.5 c 128,-1,73
 130 434 130 434 128 435 c 0,74,75
 122 438 122 438 121.5 433.5 c 128,-1,76
 121 429 121 429 120.5 423.5 c 128,-1,77
 120 418 120 418 112 417 c 0,78,79
 105 416 105 416 88.5 403 c 128,-1,80
 72 390 72 390 72 386 c 0,81,82
 71 382 71 382 77 385 c 0,83,84
 79 387 79 387 79.5 386.5 c 128,-1,85
 80 386 80 386 79 383 c 0,86,87
 75 378 75 378 71 380 c 128,-1,88
 67 382 67 382 64 378 c 0,89,90
 61 372 61 372 53.5 373 c 128,-1,91
 46 374 46 374 41 381 c 0,92,93
 35 389 35 389 34 444 c 2,94,-1
 34 499 l 1,95,-1
 50 514 l 2,96,97
 67 529 67 529 63 532 c 0,98,99
 62 534 62 534 63 534 c 128,-1,100
 64 534 64 534 67 533 c 0,101,102
 74 531 74 531 92 550 c 0,103,104
 104 562 104 562 102 562 c 2,105,106
 102 562 102 562 99 560 c 2,107,-1
 87 551 l 1,108,-1
 96 562 l 2,109,110
 105 572 105 572 108 570 c 128,-1,111
 111 568 111 568 118 572 c 0,64,65
EndSplineSet
EndChar

StartChar: j
Encoding: 106 106 56
Width: 316
GlyphClass: 1
Flags: W
LayerCount: 2
Fore
SplineSet
198 327 m 0,0,1
 213 337 213 337 217 327 c 0,2,3
 222 317 222 317 219 147 c 0,4,5
 218 103 218 103 220 17.5 c 128,-1,6
 222 -68 222 -68 224 -88 c 0,7,8
 227 -119 227 -119 222 -162.5 c 128,-1,9
 217 -206 217 -206 206 -235 c 0,10,11
 188 -286 188 -286 184 -286 c 0,12,13
 181 -286 181 -286 181 -295 c 0,14,15
 181 -300 181 -300 179 -301 c 0,16,17
 178 -301 178 -301 176 -300 c 0,18,19
 172 -297 172 -297 172 -302 c 0,20,21
 172 -310 172 -310 158 -318 c 128,-1,22
 144 -326 144 -326 132 -326 c 0,23,24
 118 -326 118 -326 98 -309.5 c 128,-1,25
 78 -293 78 -293 75 -296 c 0,26,27
 73 -298 73 -298 73 -296 c 0,28,29
 73 -295 73 -295 73 -293 c 0,30,31
 75 -287 75 -287 60 -267.5 c 128,-1,32
 45 -248 45 -248 46 -243.5 c 128,-1,33
 47 -239 47 -239 40.5 -236 c 128,-1,34
 34 -233 34 -233 36.5 -227.5 c 128,-1,35
 39 -222 39 -222 34 -222 c 128,-1,36
 29 -222 29 -222 31.5 -216.5 c 128,-1,37
 34 -211 34 -211 30 -208 c 0,38,39
 24 -204 24 -204 25 -191 c 128,-1,40
 26 -178 26 -178 33 -169 c 0,41,42
 47 -148 47 -148 47 -174 c 0,43,44
 47 -198 47 -198 64.5 -215.5 c 128,-1,45
 82 -233 82 -233 113 -239 c 0,46,47
 130 -242 130 -242 136 -241.5 c 128,-1,48
 142 -241 142 -241 148 -234 c 0,49,50
 158 -221 158 -221 161.5 -160 c 128,-1,51
 165 -99 165 -99 164 45 c 2,52,-1
 163 222 l 1,53,-1
 148 212 l 2,54,55
 142 209 142 209 138 205.5 c 128,-1,56
 134 202 134 202 135 201 c 0,57,58
 136 199 136 199 131 190 c 128,-1,59
 126 181 126 181 119 174 c 128,-1,60
 112 167 112 167 110 168 c 0,61,62
 107 171 107 171 109.5 201 c 128,-1,63
 112 231 112 231 117 239 c 0,64,65
 121 246 121 246 118.5 254 c 128,-1,66
 116 262 116 262 120.5 265.5 c 128,-1,67
 125 269 125 269 122 275 c 0,68,69
 121 277 121 277 122 278 c 128,-1,70
 123 279 123 279 125.5 278.5 c 128,-1,71
 128 278 128 278 129 280 c 128,-1,72
 130 282 130 282 130 285 c 128,-1,73
 130 288 130 288 130.5 289.5 c 128,-1,74
 131 291 131 291 132 291 c 0,75,76
 135 290 135 290 147.5 296.5 c 128,-1,77
 160 303 160 303 164 303 c 128,-1,78
 168 303 168 303 165 310 c 0,79,80
 164 314 164 314 165 314 c 2,81,82
 165 314 165 314 167 313 c 0,83,84
 172 309 172 309 182 316 c 128,-1,85
 192 323 192 323 198 327 c 0,0,1
190 575 m 0,86,87
 204 588 204 588 208 567 c 0,88,89
 211 551 211 551 211 500 c 0,90,91
 211 445 211 445 204.5 428.5 c 128,-1,92
 198 412 198 412 201 406 c 0,93,94
 202 403 202 403 201.5 402.5 c 128,-1,95
 201 402 201 402 199 404 c 0,96,97
 194 408 194 408 193.5 402 c 128,-1,98
 193 396 193 396 192.5 389.5 c 128,-1,99
 192 383 192 383 184 381 c 0,100,101
 178 380 178 380 162.5 364 c 128,-1,102
 147 348 147 348 147 342 c 0,103,104
 146 337 146 337 151 342 c 0,105,106
 154 344 154 344 154 342 c 0,107,108
 154 341 154 341 153 339 c 0,109,110
 150 332 150 332 146 335 c 128,-1,111
 142 338 142 338 140 332 c 0,112,113
 137 326 137 326 130 327 c 128,-1,114
 123 328 123 328 118 336 c 0,115,116
 112 347 112 347 112 415 c 2,117,-1
 112 484 l 1,118,-1
 127 502 l 2,119,120
 142 521 142 521 139 525 c 0,121,122
 138 527 138 527 138 527 c 2,123,124
 139 528 139 528 142 526 c 0,125,126
 149 523 149 523 166 547 c 0,127,128
 177 564 177 564 175 563 c 0,129,130
 174 562 174 562 172 560 c 2,131,-1
 161 549 l 1,132,-1
 170 562 l 2,133,134
 178 575 178 575 180.5 572.5 c 128,-1,135
 183 570 183 570 190 575 c 0,86,87
EndSplineSet
EndChar

StartChar: k
Encoding: 107 107 57
Width: 531
GlyphClass: 1
Flags: W
LayerCount: 2
Fore
SplineSet
177 557 m 0,0,1
 186 562 186 562 194.5 561 c 128,-1,2
 203 560 203 560 203 553 c 0,3,4
 203 550 203 550 204.5 548.5 c 128,-1,5
 206 547 206 547 208 548 c 128,-1,6
 210 549 210 549 211 547.5 c 128,-1,7
 212 546 212 546 212 543 c 0,8,9
 211 537 211 537 209 537 c 0,10,11
 208 538 208 538 207 523 c 128,-1,12
 206 508 206 508 205.5 482 c 128,-1,13
 205 456 205 456 205 425 c 0,14,15
 204 312 204 312 208 312 c 0,16,17
 210 312 210 312 219 320 c 128,-1,18
 228 328 228 328 235 337 c 128,-1,19
 242 346 242 346 240 347 c 0,20,21
 237 349 237 349 242 353 c 0,22,23
 244 355 244 355 244.5 354.5 c 128,-1,24
 245 354 245 354 243 350 c 0,25,26
 241 347 241 347 243 348 c 256,27,28
 245 349 245 349 254 357 c 0,29,30
 269 373 269 373 269 377.5 c 128,-1,31
 269 382 269 382 273 381 c 0,32,33
 276 380 276 380 289.5 393 c 128,-1,34
 303 406 303 406 301.5 409 c 128,-1,35
 300 412 300 412 304 412 c 256,36,37
 308 412 308 412 318.5 423 c 128,-1,38
 329 434 329 434 327 437 c 0,39,40
 324 442 324 442 330 446 c 0,41,42
 335 448 335 448 334 445 c 0,43,44
 333 444 333 444 332 442 c 256,45,46
 331 440 331 440 332 440 c 256,47,48
 333 440 333 440 340 448 c 0,49,50
 347 457 347 457 348 455 c 2,51,52
 348 455 348 455 347 453 c 0,53,54
 346 450 346 450 347 450 c 0,55,56
 349 450 349 450 355 455 c 0,57,58
 366 466 366 466 363 472 c 1,59,-1
 364 474 l 1,60,61
 368 470 368 470 374 479 c 128,-1,62
 380 488 380 488 389.5 484 c 128,-1,63
 399 480 399 480 393 472.5 c 128,-1,64
 387 465 387 465 388 460 c 0,65,66
 389 457 389 457 385.5 450 c 128,-1,67
 382 443 382 443 377 438 c 128,-1,68
 372 433 372 433 370 435 c 0,69,70
 366 439 366 439 366 432 c 0,71,72
 364 416 364 416 359 411 c 0,73,74
 357 409 357 409 356.5 410 c 128,-1,75
 356 411 356 411 358 415 c 2,76,-1
 358 418 l 1,77,78
 356 417 356 417 354 413 c 0,79,80
 346 403 346 403 349 397 c 0,81,82
 350 395 350 395 349.5 394.5 c 128,-1,83
 349 394 349 394 346 395 c 0,84,85
 340 399 340 399 330.5 385 c 128,-1,86
 321 371 321 371 304 351.5 c 128,-1,87
 287 332 287 332 287 327 c 128,-1,88
 287 322 287 322 283 325 c 0,89,90
 279 327 279 327 279 321 c 0,91,92
 278 310 278 310 285 299 c 0,93,94
 293 288 293 288 293 278 c 0,95,96
 293 275 293 275 293.5 273 c 128,-1,97
 294 271 294 271 294.5 270 c 128,-1,98
 295 269 295 269 297 270 c 0,99,100
 298 271 298 271 299.5 267.5 c 128,-1,101
 301 264 301 264 301 258 c 0,102,103
 302 244 302 244 308 242 c 128,-1,104
 314 240 314 240 311 235 c 0,105,106
 309 232 309 232 313 221.5 c 128,-1,107
 317 211 317 211 323 202 c 128,-1,108
 329 193 329 193 331 195 c 0,109,110
 332 197 332 197 332 194.5 c 128,-1,111
 332 192 332 192 331 187 c 0,112,113
 328 176 328 176 334 176 c 128,-1,114
 340 176 340 176 340 168 c 0,115,116
 340 159 340 159 370 105 c 0,117,118
 381 86 381 86 387 87 c 0,119,120
 389 88 389 88 390 87 c 128,-1,121
 391 86 391 86 390 84 c 0,122,123
 386 77 386 77 397 68.5 c 128,-1,124
 408 60 408 60 423 58 c 0,125,126
 445 56 445 56 451 52 c 0,127,128
 460 47 460 47 477 45 c 0,129,130
 485 45 485 45 487 35 c 128,-1,131
 489 25 489 25 482 20 c 0,132,133
 476 17 476 17 478 10 c 0,134,135
 481 4 481 4 475 3 c 256,136,137
 469 2 469 2 404 0 c 0,138,139
 381 -1 381 -1 365.5 -0.5 c 128,-1,140
 350 0 350 0 342 2 c 128,-1,141
 334 4 334 4 331.5 7 c 128,-1,142
 329 10 329 10 330 15 c 256,143,144
 331 20 331 20 319.5 47 c 128,-1,145
 308 74 308 74 308 79 c 128,-1,146
 308 84 308 84 302 80 c 0,147,148
 300 78 300 78 299 78.5 c 128,-1,149
 298 79 298 79 300 82 c 0,150,151
 302 86 302 86 300 94 c 128,-1,152
 298 102 298 102 293.5 108 c 128,-1,153
 289 114 289 114 286 112 c 256,154,155
 283 110 283 110 282.5 111 c 128,-1,156
 282 112 282 112 284 114 c 0,157,158
 288 122 288 122 264 178 c 0,159,160
 240 235 240 235 234 235 c 0,161,162
 229 235 229 235 232 241 c 0,163,164
 236 247 236 247 229.5 257 c 128,-1,165
 223 267 223 267 217 265 c 0,166,167
 211 262 211 262 207.5 236.5 c 128,-1,168
 204 211 204 211 209 205 c 256,169,170
 214 199 214 199 209.5 174.5 c 128,-1,171
 205 150 205 150 206 140 c 0,172,173
 220 45 220 45 214 35 c 0,174,175
 209 25 209 25 213 20 c 0,176,177
 214 18 214 18 214 17.5 c 128,-1,178
 214 17 214 17 212 19 c 0,179,180
 210 20 210 20 207.5 17.5 c 128,-1,181
 205 15 205 15 201.5 9.5 c 128,-1,182
 198 4 198 4 195 -3 c 0,183,184
 184 -29 184 -29 172 -39 c 0,185,186
 158 -52 158 -52 161 -57 c 0,187,188
 162 -58 162 -58 167 -55 c 0,189,190
 170 -54 170 -54 170.5 -54.5 c 128,-1,191
 171 -55 171 -55 170 -58 c 0,192,193
 166 -64 166 -64 162 -62 c 0,194,195
 160 -61 160 -61 154 -68 c 128,-1,196
 148 -75 148 -75 140 -86 c 0,197,198
 123 -114 123 -114 116 -109 c 0,199,200
 114 -107 114 -107 118 -95 c 256,201,202
 122 -83 122 -83 124 1 c 0,203,204
 127 95 127 95 125 266 c 128,-1,205
 123 437 123 437 119 437 c 0,206,207
 113 437 113 437 116 431 c 0,208,209
 118 429 118 429 117 428.5 c 128,-1,210
 116 428 116 428 113 429 c 0,211,212
 105 432 105 432 88 420 c 128,-1,213
 71 408 71 408 74 401 c 0,214,215
 75 395 75 395 73 396 c 0,216,217
 68 398 68 398 61 385 c 0,218,219
 50 363 50 363 45 381 c 0,220,221
 44 387 44 387 44 399 c 0,222,223
 45 419 45 419 46 429.5 c 128,-1,224
 47 440 47 440 48 446.5 c 128,-1,225
 49 453 49 453 50 454.5 c 128,-1,226
 51 456 51 456 52 455 c 0,227,228
 54 454 54 454 55 457 c 0,229,230
 56 459 56 459 56 461 c 0,231,232
 56 469 56 469 62 484.5 c 128,-1,233
 68 500 68 500 67 504 c 0,234,235
 67 506 67 506 68 506.5 c 128,-1,236
 69 507 69 507 72 505 c 0,237,238
 77 502 77 502 79 507 c 0,239,240
 83 512 83 512 99.5 520.5 c 128,-1,241
 116 529 116 529 123 529 c 256,242,243
 130 529 130 529 126 536 c 0,244,245
 124 540 124 540 126 540 c 2,246,247
 126 540 126 540 128 539 c 0,248,249
 138 533 138 533 177 557 c 0,0,1
EndSplineSet
EndChar

StartChar: l
Encoding: 108 108 58
Width: 325
GlyphClass: 1
Flags: W
LayerCount: 2
Fore
SplineSet
211 720 m 0,0,1
 217 722 217 722 221 718.5 c 128,-1,2
 225 715 225 715 227 702.5 c 128,-1,3
 229 690 229 690 230 670 c 128,-1,4
 231 650 231 650 232 614 c 0,5,6
 233 538 233 538 232.5 523 c 128,-1,7
 232 508 232 508 228 469 c 0,8,9
 224 427 224 427 228 412 c 0,10,11
 231 395 231 395 233 216 c 0,12,13
 233 199 233 199 232 153 c 128,-1,14
 231 107 231 107 233.5 102.5 c 128,-1,15
 236 98 236 98 237 66.5 c 128,-1,16
 238 35 238 35 242 35 c 0,17,18
 252 35 252 35 224 -36 c 0,19,20
 203 -91 203 -91 185 -114.5 c 128,-1,21
 167 -138 167 -138 161 -153 c 0,22,23
 156 -168 156 -168 144.5 -186.5 c 128,-1,24
 133 -205 133 -205 129 -205 c 0,25,26
 127 -205 127 -205 126 -194 c 128,-1,27
 125 -183 125 -183 126 -171 c 128,-1,28
 127 -159 127 -159 130 -158 c 0,29,30
 134 -155 134 -155 134 199 c 2,31,-1
 135 554 l 1,32,-1
 122 550 l 2,33,34
 88 540 88 540 65 496 c 0,35,36
 54 474 54 474 49 471 c 128,-1,37
 44 468 44 468 38 477 c 0,38,39
 32 485 32 485 41 531 c 0,40,41
 53 590 53 590 59.5 611 c 128,-1,42
 66 632 66 632 74.5 642.5 c 128,-1,43
 83 653 83 653 104 666 c 0,44,45
 178 708 178 708 187 708 c 0,46,47
 193 708 193 708 197.5 713 c 128,-1,48
 202 718 202 718 211 720 c 0,0,1
EndSplineSet
EndChar

StartChar: m
Encoding: 109 109 59
Width: 844
GlyphClass: 1
Flags: W
LayerCount: 2
Fore
SplineSet
337 311 m 2,0,1
 337 311 337 311 338 321 c 1,2,3
 339 320 339 320 339 318 c 0,4,5
 342 308 342 308 339 301 c 1,6,7
 337 306 337 306 337 311 c 2,0,1
181 412 m 0,8,9
 196 428 196 428 255 408 c 0,10,11
 287 398 287 398 297 398 c 0,12,13
 305 398 305 398 421 408 c 1,14,-1
 390 406 l 1,15,16
 426 409 426 409 424 404 c 0,17,18
 422 401 422 401 426 400 c 2,19,-1
 437 401 l 1,20,-1
 436 402 l 2,21,22
 434 402 434 402 436 401 c 0,23,24
 441 397 441 397 459 387 c 0,25,26
 490 370 490 370 495 365 c 0,27,28
 501 358 501 358 505.5 360 c 128,-1,29
 510 362 510 362 516 375 c 0,30,31
 523 389 523 389 538.5 392 c 128,-1,32
 554 395 554 395 609 395 c 0,33,34
 645 395 645 395 659.5 392 c 128,-1,35
 674 389 674 389 694 379 c 0,36,37
 725 363 725 363 740 340 c 0,38,39
 754 317 754 317 766 292.5 c 128,-1,40
 778 268 778 268 775.5 265 c 128,-1,41
 773 262 773 262 778 244.5 c 128,-1,42
 783 227 783 227 785 158 c 0,43,44
 787 112 787 112 785.5 97 c 128,-1,45
 784 82 784 82 777 66 c 0,46,47
 766 43 766 43 750.5 33.5 c 128,-1,48
 735 24 735 24 735 20 c 128,-1,49
 735 16 735 16 729 16 c 128,-1,50
 723 16 723 16 705 -1 c 0,51,52
 682 -22 682 -22 672.5 -16 c 128,-1,53
 663 -10 663 -10 675 19 c 0,54,55
 684 43 684 43 684 174.5 c 128,-1,56
 684 306 684 306 675 325 c 0,57,58
 659 358 659 358 612 365 c 0,59,60
 585 369 585 369 569 358 c 0,61,62
 535 336 535 336 538 305 c 0,63,64
 544 255 544 255 548 241 c 0,65,66
 551 233 551 233 554 164 c 0,67,68
 556 118 556 118 554.5 102.5 c 128,-1,69
 553 87 553 87 546 72 c 0,70,71
 535 48 535 48 519.5 39 c 128,-1,72
 504 30 504 30 504 25.5 c 128,-1,73
 504 21 504 21 498 21 c 128,-1,74
 492 21 492 21 474 5 c 0,75,76
 452 -16 452 -16 442 -10.5 c 128,-1,77
 432 -5 432 -5 443 23 c 0,78,79
 451 43 451 43 452 72 c 128,-1,80
 453 101 453 101 445 106 c 0,81,82
 440 109 440 109 445 122 c 0,83,84
 450 136 450 136 454 124 c 0,85,86
 456 120 456 120 457 113 c 128,-1,87
 458 106 458 106 456 104 c 1,88,-1
 453 107 l 2,89,90
 452 113 452 113 451 127 c 0,91,92
 451 138 451 138 450 138 c 0,93,94
 448 138 448 138 448 135 c 0,95,96
 449 133 449 133 452 136 c 0,97,98
 455 140 455 140 453.5 152.5 c 128,-1,99
 452 165 452 165 448.5 190.5 c 128,-1,100
 445 216 445 216 449 267 c 0,101,102
 453 319 453 319 437.5 342 c 128,-1,103
 422 365 422 365 381 371 c 0,104,105
 354 375 354 375 338 364 c 0,106,107
 324 355 324 355 318.5 349.5 c 128,-1,108
 313 344 313 344 309 327 c 128,-1,109
 305 310 305 310 304.5 289 c 128,-1,110
 304 268 304 268 305 219 c 0,111,112
 306 114 306 114 305 57 c 2,113,-1
 304 0 l 1,114,-1
 283 -9 l 2,115,116
 263 -17 263 -17 218 -17.5 c 128,-1,117
 173 -18 173 -18 155 -10 c 0,118,119
 139 -3 139 -3 120 1 c 0,120,121
 107 3 107 3 102.5 8.5 c 128,-1,122
 98 14 98 14 92 34 c 0,123,124
 57 146 57 146 68 160 c 0,125,126
 76 169 76 169 81.5 165.5 c 128,-1,127
 87 162 87 162 99 141 c 0,128,129
 125 96 125 96 163 86 c 2,130,-1
 178 82 l 1,131,-1
 178 206 l 2,132,133
 178 331 178 331 172 331 c 128,-1,134
 166 331 166 331 142 303 c 128,-1,135
 118 275 118 275 111 275 c 128,-1,136
 104 275 104 275 104 304 c 0,137,138
 104 323 104 323 107.5 333 c 128,-1,139
 111 343 111 343 124 360 c 0,140,141
 152 398 152 398 169 407 c 0,142,143
 173 409 173 409 173 407 c 0,144,145
 173 403 173 403 181 412 c 0,8,9
EndSplineSet
EndChar

StartChar: n
Encoding: 110 110 60
Width: 523
GlyphClass: 1
Flags: W
LayerCount: 2
Fore
SplineSet
153 408 m 4,0,1
 166 425 166 425 223 403 c 4,2,3
 254 391 254 391 270 396.5 c 132,-1,4
 286 402 286 402 326 399 c 4,5,6
 402 394 402 394 430 345 c 4,7,8
 442 323 442 323 452 299.5 c 132,-1,9
 462 276 462 276 460 273.5 c 132,-1,10
 458 271 458 271 462 254 c 132,-1,11
 466 237 466 237 469 171 c 4,12,13
 470 127 470 127 469 113 c 132,-1,14
 468 99 468 99 461 84 c 4,15,16
 452 61 452 61 439 52.5 c 132,-1,17
 426 44 426 44 426 39.5 c 132,-1,18
 426 35 426 35 421 35 c 132,-1,19
 416 35 416 35 401 20 c 4,20,21
 382 -1 382 -1 374 5 c 132,-1,22
 366 11 366 11 375 39 c 4,23,24
 383 61 383 61 383 187 c 132,-1,25
 383 313 383 313 375 331 c 4,26,27
 361 363 361 363 322 369 c 4,28,29
 299 373 299 373 285 362 c 4,30,31
 261 345 261 345 259 323 c 4,32,33
 258 317 258 317 257 166 c 6,34,-1
 257 15 l 5,35,-1
 239 6 l 6,36,37
 223 -2 223 -2 184.5 -2.5 c 132,-1,38
 146 -3 146 -3 131 5 c 4,39,40
 117 12 117 12 101 16 c 4,41,42
 91 18 91 18 87 23 c 132,-1,43
 83 28 83 28 78 47 c 4,44,45
 48 154 48 154 57 168 c 4,46,47
 61 172 61 172 63 173.5 c 132,-1,48
 65 175 65 175 68 173 c 132,-1,49
 71 171 71 171 74.5 165.5 c 132,-1,50
 78 160 78 160 84 149 c 4,51,52
 105 106 105 106 138 97 c 6,53,-1
 150 93 l 5,54,-1
 150 212 l 6,55,56
 150 331 150 331 145 331 c 132,-1,57
 140 331 140 331 119.5 304 c 132,-1,58
 99 277 99 277 93.5 277 c 132,-1,59
 88 277 88 277 88 305 c 4,60,61
 88 324 88 324 91 333 c 132,-1,62
 94 342 94 342 105 359 c 4,63,64
 129 395 129 395 143 404 c 4,65,66
 146 405 146 405 146 403 c 4,67,68
 146 400 146 400 153 408 c 4,0,1
EndSplineSet
EndChar

StartChar: o
Encoding: 111 111 61
Width: 360
GlyphClass: 1
Flags: W
LayerCount: 2
Fore
SplineSet
127.5 442.5 m 128,-1,1
 132 448 132 448 158 432 c 0,2,3
 207 403 207 403 264 409 c 0,4,5
 284 411 284 411 289 410 c 128,-1,6
 294 409 294 409 294 403 c 0,7,8
 294 394 294 394 284.5 386 c 128,-1,9
 275 378 275 378 277 376 c 128,-1,10
 279 374 279 374 273 359 c 0,11,12
 268 348 268 348 271 342 c 128,-1,13
 274 336 274 336 296 313 c 2,14,-1
 326 282 l 1,15,-1
 326 193 l 1,16,-1
 326 103 l 1,17,-1
 310 76 l 2,18,19
 293 48 293 48 283 38 c 0,20,21
 262 19 262 19 208.5 9.5 c 128,-1,22
 155 0 155 0 117 9 c 0,23,24
 89 15 89 15 76.5 23 c 128,-1,25
 64 31 64 31 53 49 c 2,26,-1
 39 71 l 1,27,-1
 39 189 l 1,28,-1
 39 306 l 1,29,-1
 69 347 l 2,30,31
 100 388 100 388 111.5 412.5 c 128,-1,0
 123 437 123 437 127.5 442.5 c 128,-1,1
136 346 m 0,32,33
 133 347 133 347 128 350 c 0,34,35
 112 360 112 360 108 353 c 0,36,37
 104 343 104 343 104 251 c 0,38,39
 104 230 104 230 104 218 c 0,40,41
 104 118 104 118 105.5 94.5 c 128,-1,42
 107 71 107 71 113 60 c 0,43,44
 122 45 122 45 139 38 c 0,45,46
 165 28 165 28 197.5 39 c 128,-1,47
 230 50 230 50 238 72 c 0,48,49
 242 83 242 83 243 200 c 128,-1,50
 244 317 244 317 240.5 323 c 128,-1,51
 237 329 237 329 218 327 c 0,52,53
 203 325 203 325 178 330.5 c 128,-1,54
 153 336 153 336 136 346 c 0,32,33
EndSplineSet
EndChar

StartChar: p
Encoding: 112 112 62
Width: 589
GlyphClass: 1
Flags: W
LayerCount: 2
Fore
SplineSet
300 524 m 0,0,1
 308 545 308 545 341 523 c 0,2,3
 357 511 357 511 361 515.5 c 128,-1,4
 365 520 365 520 373.5 513 c 128,-1,5
 382 506 382 506 412 505 c 128,-1,6
 442 504 442 504 446 498 c 128,-1,7
 450 492 450 492 473 497 c 0,8,9
 492 500 492 500 494 494.5 c 128,-1,10
 496 489 496 489 482 472 c 0,11,12
 468 456 468 456 471.5 447 c 128,-1,13
 475 438 475 438 468 438 c 0,14,15
 463 438 463 438 462 431.5 c 128,-1,16
 461 425 461 425 463.5 416.5 c 128,-1,17
 466 408 466 408 471 404 c 0,18,19
 480 396 480 396 485 402 c 0,20,21
 487 404 487 404 488 401 c 0,22,23
 488 400 488 400 488 396 c 0,24,25
 487 392 487 392 488.5 389.5 c 128,-1,26
 490 387 490 387 493.5 388 c 128,-1,27
 497 389 497 389 498.5 387.5 c 128,-1,28
 500 386 500 386 498 383 c 0,29,30
 494 377 494 377 508 369 c 0,31,32
 518 364 518 364 520 347 c 128,-1,33
 522 330 522 330 522 253 c 0,34,35
 522 178 522 178 519.5 158.5 c 128,-1,36
 517 139 517 139 508 126 c 0,37,38
 494 108 494 108 499 100 c 0,39,40
 501 96 501 96 500.5 95.5 c 128,-1,41
 500 95 500 95 496 97 c 0,42,43
 489 102 489 102 488 94.5 c 128,-1,44
 487 87 487 87 486 78.5 c 128,-1,45
 485 70 485 70 475 69.5 c 128,-1,46
 465 69 465 69 446.5 61 c 128,-1,47
 428 53 428 53 421.5 53 c 128,-1,48
 415 53 415 53 419 47 c 0,49,50
 421 44 421 44 391.5 43 c 128,-1,51
 362 42 362 42 327.5 43.5 c 128,-1,52
 293 45 293 45 282 48 c 0,53,54
 271 52 271 52 267.5 51 c 128,-1,55
 264 50 264 50 265 45 c 0,56,57
 267 36 267 36 271.5 32.5 c 128,-1,58
 276 29 276 29 270.5 -1.5 c 128,-1,59
 265 -32 265 -32 267.5 -46.5 c 128,-1,60
 270 -61 270 -61 277 -119 c 0,61,62
 282 -158 282 -158 281 -171.5 c 128,-1,63
 280 -185 280 -185 271 -203 c 0,64,65
 258 -230 258 -230 262 -237 c 0,66,67
 264 -242 264 -242 262 -242 c 0,68,69
 261 -242 261 -242 260 -241 c 0,70,71
 257 -239 257 -239 253 -243.5 c 128,-1,72
 249 -248 249 -248 246 -256 c 0,73,74
 238 -274 238 -274 224.5 -289.5 c 128,-1,75
 211 -305 211 -305 214.5 -311.5 c 128,-1,76
 218 -318 218 -318 210 -323 c 0,77,78
 206 -325 206 -325 206 -323 c 0,79,80
 206 -322 206 -322 208 -318 c 2,81,-1
 208 -316 l 1,82,83
 206 -317 206 -317 196 -329 c 0,84,85
 179 -349 179 -349 178.5 -354.5 c 128,-1,86
 178 -360 178 -360 163 -360 c 0,87,88
 152 -360 152 -360 150 -354.5 c 128,-1,89
 148 -349 148 -349 149 -324 c 0,90,91
 151 -277 151 -277 151 37 c 128,-1,92
 151 351 151 351 149 353 c 0,93,94
 147 356 147 356 120 342 c 0,95,96
 99 331 99 331 88 316.5 c 128,-1,97
 77 302 77 302 82 293 c 0,98,99
 84 291 84 291 82.5 289.5 c 128,-1,100
 81 288 81 288 78 288.5 c 128,-1,101
 75 289 75 289 72.5 287 c 128,-1,102
 70 285 70 285 70.5 282 c 128,-1,103
 71 279 71 279 67 277 c 128,-1,104
 63 275 63 275 58 275 c 0,105,106
 27 277 27 277 52 359 c 0,107,108
 66 403 66 403 66 415.5 c 128,-1,109
 66 428 66 428 74.5 436.5 c 128,-1,110
 83 445 83 445 83 453.5 c 128,-1,111
 83 462 83 462 89 463 c 0,112,113
 102 465 102 465 114 470.5 c 128,-1,114
 126 476 126 476 126 480 c 0,115,116
 126 487 126 487 131 483 c 0,117,118
 136 481 136 481 142 482 c 128,-1,119
 148 483 148 483 152.5 486.5 c 128,-1,120
 157 490 157 490 155 493 c 256,121,122
 153 496 153 496 159 497 c 0,123,124
 161 497 161 497 163 497 c 0,125,126
 174 495 174 495 191 504 c 128,-1,127
 208 513 208 513 217 513 c 0,128,129
 220 513 220 513 221.5 514.5 c 128,-1,130
 223 516 223 516 222 519 c 0,131,132
 221 520 221 520 223 521.5 c 128,-1,133
 225 523 225 523 228.5 524 c 128,-1,134
 232 525 232 525 236 525 c 0,135,136
 269 527 269 527 267 482 c 0,137,138
 266 458 266 458 269 458 c 0,139,140
 273 458 273 458 281 484 c 128,-1,141
 289 510 289 510 286 515 c 0,142,143
 285 518 285 518 285.5 519 c 128,-1,144
 286 520 286 520 289 518 c 0,145,146
 296 513 296 513 300 524 c 0,0,1
326 412.5 m 128,-1,148
 327 418 327 418 305 427 c 2,149,-1
 284 437 l 1,150,-1
 284 279 l 2,151,152
 284 177 284 177 286 146 c 128,-1,153
 288 115 288 115 295 104 c 0,154,155
 306 86 306 86 315 90 c 0,156,157
 320 92 320 92 321 91 c 256,158,159
 322 90 322 90 321 88 c 0,160,161
 313 75 313 75 347 78 c 0,162,163
 357 79 357 79 371 82 c 0,164,165
 388 85 388 85 397.5 89 c 128,-1,166
 407 93 407 93 414.5 101 c 128,-1,167
 422 109 422 109 425 126.5 c 128,-1,168
 428 144 428 144 429.5 166 c 128,-1,169
 431 188 431 188 432 229 c 0,170,171
 433 323 433 323 427 323 c 0,172,173
 423 321 423 321 423 322 c 128,-1,174
 423 323 423 323 427 329 c 0,175,176
 436 339 436 339 434 367 c 2,177,-1
 432 395 l 1,178,-1
 393 400 l 2,179,180
 353 405 353 405 339 406 c 128,-1,147
 325 407 325 407 326 412.5 c 128,-1,148
EndSplineSet
EndChar

StartChar: q
Encoding: 113 113 63
Width: 589
GlyphClass: 1
Flags: W
LayerCount: 2
Fore
SplineSet
290 531 m 0,0,1
 282 552 282 552 249 530 c 0,2,3
 232 518 232 518 228 522.5 c 128,-1,4
 224 527 224 527 216 520 c 128,-1,5
 208 513 208 513 177.5 512.5 c 128,-1,6
 147 512 147 512 143 505.5 c 128,-1,7
 139 499 139 499 117 504 c 0,8,9
 98 508 98 508 95.5 502 c 128,-1,10
 93 496 93 496 108 479 c 0,11,12
 121 463 121 463 118 454 c 128,-1,13
 115 445 115 445 121 445 c 0,14,15
 126 445 126 445 127 438.5 c 128,-1,16
 128 432 128 432 125.5 424 c 128,-1,17
 123 416 123 416 118 411 c 0,18,19
 110 404 110 404 105 409 c 0,20,21
 102 411 102 411 102 409 c 0,22,23
 101 407 101 407 102 404 c 0,24,25
 103 400 103 400 101 397 c 128,-1,26
 99 394 99 394 95.5 395 c 128,-1,27
 92 396 92 396 91 394.5 c 128,-1,28
 90 393 90 393 91 390 c 0,29,30
 95 384 95 384 82 376 c 0,31,32
 72 371 72 371 70 354 c 128,-1,33
 68 337 68 337 68 260 c 0,34,35
 68 185 68 185 70 165.5 c 128,-1,36
 72 146 72 146 82 133 c 0,37,38
 95 115 95 115 90 107 c 0,39,40
 88 103 88 103 89 102.5 c 128,-1,41
 90 102 90 102 93 104 c 0,42,43
 101 109 101 109 101.5 101.5 c 128,-1,44
 102 94 102 94 103 85.5 c 128,-1,45
 104 77 104 77 114 76.5 c 128,-1,46
 124 76 124 76 142.5 68 c 128,-1,47
 161 60 161 60 167.5 60 c 128,-1,48
 174 60 174 60 171 54 c 0,49,50
 169 51 169 51 198 50 c 128,-1,51
 227 49 227 49 261.5 50.5 c 128,-1,52
 296 52 296 52 308 56 c 0,53,54
 318 59 318 59 321.5 58.5 c 128,-1,55
 325 58 325 58 324 52 c 0,56,57
 322 43 322 43 318 39.5 c 128,-1,58
 314 36 314 36 319 5.5 c 128,-1,59
 324 -25 324 -25 321.5 -39.5 c 128,-1,60
 319 -54 319 -54 313 -112 c 0,61,62
 308 -151 308 -151 309 -164.5 c 128,-1,63
 310 -178 310 -178 319 -196 c 0,64,65
 332 -223 332 -223 328 -230 c 0,66,67
 325 -235 325 -235 327 -235 c 0,68,69
 328 -235 328 -235 330 -234 c 0,70,71
 332 -232 332 -232 336.5 -236.5 c 128,-1,72
 341 -241 341 -241 344 -248 c 0,73,74
 352 -267 352 -267 365.5 -282 c 128,-1,75
 379 -297 379 -297 375.5 -304 c 128,-1,76
 372 -311 372 -311 379 -315 c 0,77,78
 383 -318 383 -318 384 -316 c 0,79,80
 384 -314 384 -314 382 -311 c 2,81,-1
 382 -308 l 1,82,83
 384 -309 384 -309 394 -322 c 0,84,85
 411 -342 411 -342 411 -347 c 128,-1,86
 411 -352 411 -352 427 -352 c 0,87,88
 438 -352 438 -352 440 -347 c 128,-1,89
 442 -342 442 -342 441 -317 c 0,90,91
 439 -270 439 -270 438.5 44 c 128,-1,92
 438 358 438 358 440 360 c 0,93,94
 443 363 443 363 470 349 c 0,95,96
 491 338 491 338 501.5 324 c 128,-1,97
 512 310 512 310 507 301 c 0,98,99
 505 298 505 298 506.5 296.5 c 128,-1,100
 508 295 508 295 511.5 295.5 c 128,-1,101
 515 296 515 296 517 294.5 c 128,-1,102
 519 293 519 293 518.5 289.5 c 128,-1,103
 518 286 518 286 522 284 c 128,-1,104
 526 282 526 282 532 283 c 0,105,106
 562 284 562 284 537 366 c 0,107,108
 523 410 523 410 523 422.5 c 128,-1,109
 523 435 523 435 515 443.5 c 128,-1,110
 507 452 507 452 507 460.5 c 128,-1,111
 507 469 507 469 500 470 c 0,112,113
 487 472 487 472 475.5 477.5 c 128,-1,114
 464 483 464 483 464 488 c 0,115,116
 464 494 464 494 458 490 c 0,117,118
 454 488 454 488 447.5 489 c 128,-1,119
 441 490 441 490 436.5 493.5 c 128,-1,120
 432 497 432 497 434 500 c 256,121,122
 436 503 436 503 430 504 c 0,123,124
 429 504 429 504 426 504 c 0,125,126
 415 502 415 502 398.5 511.5 c 128,-1,127
 382 521 382 521 373 521 c 0,128,129
 369 521 369 521 367.5 522.5 c 128,-1,130
 366 524 366 524 367 526 c 0,131,132
 368 527 368 527 366.5 528.5 c 128,-1,133
 365 530 365 530 361.5 531 c 128,-1,134
 358 532 358 532 353 532 c 0,135,136
 320 534 320 534 322 489 c 0,137,138
 323 466 323 466 321 466 c 0,139,140
 316 466 316 466 308 491.5 c 128,-1,141
 300 517 300 517 303 522 c 0,142,143
 305 525 305 525 304 526 c 128,-1,144
 303 527 303 527 301 525 c 0,145,146
 294 521 294 521 290 531 c 0,0,1
264 419.5 m 128,-1,148
 263 425 263 425 284 435 c 2,149,-1
 306 444 l 1,150,-1
 306 286 l 2,151,152
 306 185 306 185 304 153.5 c 128,-1,153
 302 122 302 122 295 111 c 0,154,155
 284 94 284 94 275 97 c 0,156,157
 269 100 269 100 268 98 c 0,158,159
 268 97 268 97 269 95 c 0,160,161
 277 82 277 82 242 85 c 0,162,163
 232 86 232 86 218 89 c 0,164,165
 201 92 201 92 191.5 96.5 c 128,-1,166
 182 101 182 101 175 108.5 c 128,-1,167
 168 116 168 116 165 133.5 c 128,-1,168
 162 151 162 151 160 173 c 128,-1,169
 158 195 158 195 157 237 c 0,170,171
 156 330 156 330 163 330 c 0,172,173
 166 328 166 328 166 329.5 c 128,-1,174
 166 331 166 331 162 336 c 0,175,176
 154 347 154 347 155 374 c 2,177,-1
 157 402 l 1,178,-1
 197 407 l 2,179,180
 236 412 236 412 250.5 413 c 128,-1,147
 265 414 265 414 264 419.5 c 128,-1,148
EndSplineSet
EndChar

StartChar: r
Encoding: 114 114 64
Width: 484
GlyphClass: 1
Flags: W
LayerCount: 2
Fore
SplineSet
293.5 469.5 m 128,-1,1
 308 472 308 472 316.5 463.5 c 128,-1,2
 325 455 325 455 358 435 c 0,3,4
 385 418 385 418 399.5 398.5 c 128,-1,5
 414 379 414 379 430 338 c 0,6,7
 439 316 439 316 439.5 307 c 128,-1,8
 440 298 440 298 433 286 c 0,9,10
 420 262 420 262 405 265 c 0,11,12
 398 268 398 268 398 279 c 0,13,14
 398 302 398 302 384 316 c 128,-1,15
 370 330 370 330 331 347 c 0,16,17
 285 367 285 367 259.5 368.5 c 128,-1,18
 234 370 234 370 213 353 c 0,19,20
 193 337 193 337 194.5 331.5 c 128,-1,21
 196 326 196 326 189 326 c 128,-1,22
 182 326 182 326 182 131 c 0,23,24
 182 78 182 78 183 33.5 c 128,-1,25
 184 -11 184 -11 185 -36.5 c 128,-1,26
 186 -62 186 -62 187.5 -61 c 128,-1,27
 189 -60 189 -60 190 -61.5 c 128,-1,28
 191 -63 191 -63 192 -65.5 c 128,-1,29
 193 -68 193 -68 193 -72 c 0,30,31
 192 -84 192 -84 188 -84 c 0,32,33
 182 -81 182 -81 182.5 -84 c 128,-1,34
 183 -87 183 -87 189 -104 c 0,35,36
 194 -121 194 -121 189 -124 c 128,-1,37
 184 -127 184 -127 175 -112 c 0,38,39
 167 -100 167 -100 160.5 -103 c 128,-1,40
 154 -106 154 -106 149 -99 c 0,41,42
 147 -96 147 -96 147.5 -95 c 128,-1,43
 148 -94 148 -94 152 -96 c 0,44,45
 160 -101 160 -101 160 -96 c 0,46,47
 160 -93 160 -93 143 -75 c 128,-1,48
 126 -57 126 -57 124 -59 c 0,49,50
 122 -59 122 -59 122 -59 c 129,-1,51
 122 -59 122 -59 123 -58 c 0,52,53
 125 -55 125 -55 107 -29 c 0,54,55
 94 -10 94 -10 92 4.5 c 128,-1,56
 90 19 90 19 93 71 c 0,57,58
 96 142 96 142 96 262.5 c 128,-1,59
 96 383 96 383 93 386 c 0,60,61
 89 389 89 389 71 364 c 0,62,63
 55 342 55 342 47 339.5 c 128,-1,64
 39 337 39 337 31 351 c 0,65,66
 13 380 13 380 84 436 c 0,67,68
 135 475 135 475 143 464 c 0,69,70
 146 459 146 459 146 446 c 0,71,72
 146 431 146 431 149 428 c 128,-1,73
 152 425 152 425 167 427 c 0,74,75
 187 429 187 429 233 448 c 128,-1,0
 279 467 279 467 293.5 469.5 c 128,-1,1
EndSplineSet
EndChar

StartChar: s
Encoding: 115 115 65
Width: 409
GlyphClass: 1
Flags: W
LayerCount: 2
Fore
SplineSet
308 467 m 0,0,1
 327 484 327 484 330 484 c 256,2,3
 333 484 333 484 333.5 476.5 c 128,-1,4
 334 469 334 469 332 458 c 128,-1,5
 330 447 330 447 326 438 c 0,6,7
 319 420 319 420 322 414 c 0,8,9
 323 412 323 412 323 412 c 2,10,11
 323 410 323 410 319 413 c 0,12,13
 313 417 313 417 315 409 c 0,14,15
 317 405 317 405 311 394 c 128,-1,16
 305 383 305 383 297.5 375 c 128,-1,17
 290 367 290 367 287 369 c 0,18,19
 284 372 284 372 278 367 c 0,20,21
 274 363 274 363 233.5 360.5 c 128,-1,22
 193 358 193 358 185 361 c 0,23,24
 180 362 180 362 151 367 c 0,25,26
 138 368 138 368 132 372 c 128,-1,27
 126 376 126 376 109 370 c 0,28,29
 99 367 99 367 96 364 c 128,-1,30
 93 361 93 361 95 355 c 0,31,32
 96 351 96 351 98 349 c 128,-1,33
 100 347 100 347 101.5 348 c 128,-1,34
 103 349 103 349 103.5 348 c 128,-1,35
 104 347 104 347 103 344 c 0,36,37
 101 338 101 338 124 314 c 0,38,39
 144 292 144 292 140 294 c 1,40,-1
 145 288 l 2,41,42
 149 283 149 283 155 277 c 0,43,44
 177 257 177 257 179 259 c 128,-1,45
 181 261 181 261 190.5 251.5 c 128,-1,46
 200 242 200 242 221 236.5 c 128,-1,47
 242 231 242 231 252 227 c 256,48,49
 262 223 262 223 287.5 214.5 c 128,-1,50
 313 206 313 206 321 205 c 128,-1,51
 329 204 329 204 332 200.5 c 128,-1,52
 335 197 335 197 345 197 c 0,53,54
 366 197 366 197 352 170 c 0,55,56
 344 155 344 155 347 151 c 0,57,58
 349 148 349 148 347 148 c 0,59,60
 346 149 346 149 345 150 c 0,61,62
 339 153 339 153 339 146 c 0,63,64
 339 131 339 131 332 123 c 0,65,66
 325 116 325 116 304 71 c 128,-1,67
 283 26 283 26 283 20 c 256,68,69
 283 14 283 14 279 14 c 0,70,71
 276 14 276 14 271.5 3.5 c 128,-1,72
 267 -7 267 -7 268 -11 c 0,73,74
 268 -12 268 -12 256.5 -12.5 c 128,-1,75
 245 -13 245 -13 225 -13.5 c 128,-1,76
 205 -14 205 -14 182 -15 c 0,77,78
 113 -15 113 -15 92 -11.5 c 128,-1,79
 71 -8 71 -8 60 9 c 0,80,81
 53 19 53 19 50 16 c 1,82,-1
 49 38 l 2,83,84
 49 42 49 42 49 47 c 0,85,86
 52 103 52 103 58 103 c 0,87,88
 62 103 62 103 59 108 c 0,89,90
 58 110 58 110 59 111 c 128,-1,91
 60 112 60 112 62.5 111.5 c 128,-1,92
 65 111 65 111 66.5 112.5 c 128,-1,93
 68 114 68 114 67.5 116.5 c 128,-1,94
 67 119 67 119 67.5 120.5 c 128,-1,95
 68 122 68 122 70 122 c 0,96,97
 76 121 76 121 88.5 125.5 c 128,-1,98
 101 130 101 130 101 134 c 256,99,100
 101 138 101 138 106 135 c 0,101,102
 114 130 114 130 152 145 c 0,103,104
 163 150 163 150 164 152 c 0,105,106
 163 154 163 154 164 155 c 128,-1,107
 165 156 165 156 168 156 c 0,108,109
 175 156 175 156 175 151 c 0,110,111
 175 144 175 144 163.5 128.5 c 128,-1,112
 152 113 152 113 147 113 c 0,113,114
 141 113 141 113 132.5 96 c 128,-1,115
 124 79 124 79 127 75 c 0,116,117
 131 72 131 72 183 71 c 0,118,119
 217 71 217 71 227.5 72.5 c 128,-1,120
 238 74 238 74 241 79 c 0,121,122
 245 88 245 88 241.5 88 c 128,-1,123
 238 88 238 88 247 94.5 c 128,-1,124
 256 101 256 101 253 106.5 c 128,-1,125
 250 112 250 112 258 115 c 128,-1,126
 266 118 266 118 263 125.5 c 128,-1,127
 260 133 260 133 265 133 c 0,128,129
 268 133 268 133 281 156 c 128,-1,130
 294 179 294 179 294 185 c 0,131,132
 294 187 294 187 288 187 c 128,-1,133
 282 187 282 187 235.5 202 c 128,-1,134
 189 217 189 217 184 214 c 0,135,136
 181 212 181 212 181 214 c 0,137,138
 181 215 181 215 183 216 c 0,139,140
 184 219 184 219 183.5 220.5 c 128,-1,141
 183 222 183 222 180 221 c 0,142,143
 173 220 173 220 158 227 c 128,-1,144
 143 234 143 234 139 240 c 0,145,146
 135 247 135 247 130 243 c 0,147,148
 127 242 127 242 126.5 242.5 c 128,-1,149
 126 243 126 243 128 246 c 0,150,151
 131 252 131 252 125.5 252 c 128,-1,152
 120 252 120 252 122.5 256 c 128,-1,153
 125 260 125 260 113 274 c 128,-1,154
 101 288 101 288 101 292.5 c 128,-1,155
 101 297 101 297 96 294 c 0,156,157
 94 292 94 292 93 292.5 c 128,-1,158
 92 293 92 293 92 295 c 0,159,160
 95 311 95 311 84 311 c 0,161,162
 76 311 76 311 79 316 c 128,-1,163
 82 321 82 321 75 324 c 0,164,165
 69 326 69 326 67.5 331.5 c 128,-1,166
 66 337 66 337 63 368 c 0,167,168
 61 397 61 397 67 410 c 0,169,170
 78 433 78 433 80 439.5 c 128,-1,171
 82 446 82 446 79 449 c 0,172,173
 76 455 76 455 81.5 455 c 128,-1,174
 87 455 87 455 84 460 c 0,175,176
 83 463 83 463 85 464 c 0,177,178
 89 463 89 463 100 469 c 0,179,180
 115 477 115 477 169 473 c 0,181,182
 189 472 189 472 187 469 c 0,183,184
 186 468 186 468 188 466.5 c 128,-1,185
 190 465 190 465 194 464 c 128,-1,186
 198 463 198 463 202 462 c 0,187,188
 220 459 220 459 222 455 c 128,-1,189
 224 451 224 451 257 450 c 0,190,191
 280 450 280 450 287 452 c 128,-1,192
 294 454 294 454 308 467 c 0,0,1
EndSplineSet
EndChar

StartChar: t
Encoding: 116 116 66
Width: 504
GlyphClass: 1
Flags: W
LayerCount: 2
Fore
SplineSet
305 767 m 0,0,1
 311 768 311 768 314.5 764.5 c 128,-1,2
 318 761 318 761 320.5 750.5 c 128,-1,3
 323 740 323 740 324 722 c 128,-1,4
 325 704 325 704 325 675 c 0,5,6
 325 606 325 606 330 603 c 0,7,8
 332 601 332 601 348 600.5 c 128,-1,9
 364 600 364 600 377 602 c 0,10,11
 381 602 381 602 397 637 c 128,-1,12
 413 672 413 672 413 681 c 128,-1,13
 413 690 413 690 435.5 728 c 128,-1,14
 458 766 458 766 463 766 c 0,15,16
 467 766 467 766 469 750 c 0,17,18
 472 728 472 728 440 652.5 c 128,-1,19
 408 577 408 577 384 551 c 0,20,21
 368 533 368 533 345 526 c 2,22,-1
 323 520 l 1,23,-1
 321 484 l 2,24,25
 318 448 318 448 321 431 c 0,26,27
 325 413 325 413 326 218 c 0,28,29
 326 199 326 199 325.5 149 c 128,-1,30
 325 99 325 99 327.5 94 c 128,-1,31
 330 89 330 89 330.5 55 c 128,-1,32
 331 21 331 21 336 21 c 0,33,34
 346 21 346 21 318 -56 c 0,35,36
 297 -115 297 -115 279 -141 c 128,-1,37
 261 -167 261 -167 255 -184 c 0,38,39
 250 -199 250 -199 238.5 -219 c 128,-1,40
 227 -239 227 -239 224 -239 c 256,41,42
 221 -239 221 -239 220.5 -227.5 c 128,-1,43
 220 -216 220 -216 221 -203 c 128,-1,44
 222 -190 222 -190 224 -188 c 0,45,46
 228 -185 228 -185 228 185 c 2,47,-1
 227 556 l 1,48,-1
 199 567 l 2,49,50
 160 584 160 584 126.5 569 c 128,-1,51
 93 554 93 554 79 514 c 0,52,53
 71 494 71 494 67 483.5 c 128,-1,54
 63 473 63 473 59 466.5 c 128,-1,55
 55 460 55 460 52.5 460.5 c 128,-1,56
 50 461 50 461 46 463 c 0,57,58
 27 476 27 476 37 510 c 128,-1,59
 47 544 47 544 82 591 c 0,60,61
 113 630 113 630 141.5 643.5 c 128,-1,62
 170 657 170 657 206 649 c 2,63,-1
 221 645 l 1,64,-1
 218 684 l 2,65,66
 215 723 215 723 221.5 723 c 128,-1,67
 228 723 228 723 250.5 738.5 c 128,-1,68
 273 754 273 754 280 754 c 128,-1,69
 287 754 287 754 291.5 759 c 128,-1,70
 296 764 296 764 305 767 c 0,0,1
EndSplineSet
EndChar

StartChar: u
Encoding: 117 117 67
Width: 523
GlyphClass: 1
Flags: W
LayerCount: 2
Fore
SplineSet
378.909179688 6.7197265625 m 4,0,1
 366.345703125 -10.60546875 366.345703125 -10.60546875 308.8046875 9.9384765625 c 4,2,3
 277.509765625 21.1474609375 277.509765625 21.1474609375 261.655273438 15.2421875 c 132,-1,4
 245.799804688 9.337890625 245.799804688 9.337890625 205.736328125 11.3203125 c 4,5,6
 129.633789062 14.38671875 129.633789062 14.38671875 100.397460938 62.6591796875 c 4,7,8
 87.8427734375 84.3466796875 87.8427734375 84.3466796875 77.248046875 107.584960938 c 132,-1,9
 66.654296875 130.823242188 66.654296875 130.823242188 68.58984375 133.374023438 c 132,-1,10
 70.525390625 135.923828125 70.525390625 135.923828125 66.0947265625 152.81640625 c 132,-1,11
 61.6640625 169.708984375 61.6640625 169.708984375 56.98828125 235.611328125 c 4,12,13
 54.8701171875 279.572265625 54.8701171875 279.572265625 55.513671875 293.592773438 c 132,-1,14
 56.1572265625 307.614257812 56.1572265625 307.614257812 62.7744140625 322.787109375 c 4,15,16
 71.1865234375 346.008789062 71.1865234375 346.008789062 83.966796875 354.8359375 c 132,-1,17
 96.74609375 363.6640625 96.74609375 363.6640625 96.6318359375 368.162109375 c 132,-1,18
 96.517578125 372.661132812 96.517578125 372.661132812 101.515625 372.788085938 c 132,-1,19
 106.514648438 372.915039062 106.514648438 372.915039062 121.127929688 388.291015625 c 4,20,21
 139.587890625 409.767578125 139.587890625 409.767578125 147.73828125 403.97265625 c 132,-1,22
 155.887695312 398.177734375 155.887695312 398.177734375 147.602539062 369.958007812 c 4,23,24
 140.1640625 347.76171875 140.1640625 347.76171875 143.3671875 221.802734375 c 132,-1,25
 146.569335938 95.84375 146.569335938 95.84375 155.024414062 78.052734375 c 4,26,27
 169.833007812 46.4189453125 169.833007812 46.4189453125 208.97265625 41.412109375 c 4,28,29
 232.067382812 37.998046875 232.067382812 37.998046875 245.783203125 49.349609375 c 4,30,31
 269.342773438 66.9541015625 269.342773438 66.9541015625 270.783203125 88.998046875 c 4,32,33
 271.630859375 95.021484375 271.630859375 95.021484375 268.791992188 245.998046875 c 6,34,-1
 264.954101562 396.94921875 l 5,35,-1
 282.719726562 406.404296875 l 6,36,37
 298.51171875 414.80859375 298.51171875 414.80859375 336.986328125 416.286132812 c 132,-1,38
 375.4609375 417.764648438 375.4609375 417.764648438 390.66015625 410.1484375 c 4,39,40
 404.833007812 403.506835938 404.833007812 403.506835938 420.9296875 399.915039062 c 4,41,42
 430.977539062 398.169921875 430.977539062 398.169921875 435.102539062 393.272460938 c 132,-1,43
 439.228515625 388.375976562 439.228515625 388.375976562 444.709960938 369.508789062 c 4,44,45
 477.419921875 263.306640625 477.419921875 263.306640625 468.778320312 249.08203125 c 4,46,47
 464.881835938 244.981445312 464.881835938 244.981445312 462.919921875 243.431640625 c 132,-1,48
 460.958984375 241.880859375 460.958984375 241.880859375 457.909179688 243.803710938 c 132,-1,49
 454.859375 245.727539062 454.859375 245.727539062 451.220703125 251.13671875 c 132,-1,50
 447.58203125 256.545898438 447.58203125 256.545898438 441.3046875 267.389648438 c 4,51,52
 419.21875 309.841796875 419.21875 309.841796875 386 318 c 6,53,-1
 373.90234375 321.694335938 l 5,54,-1
 376.926757812 202.732421875 l 6,55,56
 379.951171875 83.771484375 379.951171875 83.771484375 384.94921875 83.8984375 c 132,-1,57
 389.948242188 84.025390625 389.948242188 84.025390625 409.754882812 111.537109375 c 132,-1,58
 429.5625 139.049804688 429.5625 139.049804688 435.060546875 139.189453125 c 132,-1,59
 440.55859375 139.329101562 440.55859375 139.329101562 441.270507812 111.338867188 c 4,60,61
 441.752929688 92.3447265625 441.752929688 92.3447265625 438.983398438 83.271484375 c 132,-1,62
 436.212890625 74.1982421875 436.212890625 74.1982421875 425.6484375 56.923828125 c 4,63,64
 402.571289062 20.3251953125 402.571289062 20.3251953125 388.8046875 10.97265625 c 4,65,66
 385.831054688 9.896484375 385.831054688 9.896484375 385.780273438 11.8955078125 c 4,67,68
 385.704101562 14.89453125 385.704101562 14.89453125 378.909179688 6.7197265625 c 4,0,1
EndSplineSet
EndChar

StartChar: v
Encoding: 118 118 68
Width: 444
GlyphClass: 1
Flags: W
LayerCount: 2
Fore
SplineSet
161 472 m 0,0,1
 161 474 161 474 163 475 c 0,2,3
 166 476 166 476 172 477 c 0,4,5
 185 478 185 478 188.5 467.5 c 128,-1,6
 192 457 192 457 191 452.5 c 128,-1,7
 190 448 190 448 190 344 c 0,8,9
 191 183 191 183 190 143 c 0,10,11
 190 131 190 131 192.5 104.5 c 128,-1,12
 195 78 195 78 198 67 c 0,13,14
 201 55 201 55 193 46 c 0,15,16
 186 38 186 38 188 38 c 0,17,18
 189 38 189 38 194 40 c 0,19,20
 201 43 201 43 212 51 c 128,-1,21
 223 59 223 59 222 61 c 0,22,23
 221 61 221 61 221.5 61.5 c 128,-1,24
 222 62 222 62 223 61 c 0,25,26
 225 60 225 60 238 67.5 c 128,-1,27
 251 75 251 75 253 79 c 0,28,29
 255 82 255 82 253 82 c 0,30,31
 252 82 252 82 250 81 c 0,32,33
 248 81 248 81 248 81 c 1,34,35
 251 85 251 85 256.5 85.5 c 128,-1,36
 262 86 262 86 261 92 c 0,37,38
 260 94 260 94 261 95 c 128,-1,39
 262 96 262 96 264 95 c 0,40,41
 268 92 268 92 274 100 c 0,42,43
 278 105 278 105 278 105.5 c 128,-1,44
 278 106 278 106 274 104 c 2,45,-1
 272 104 l 1,46,47
 273 106 273 106 279 111 c 0,48,49
 296 126 296 126 299 159 c 0,50,51
 301 168 301 168 307 189 c 0,52,53
 324 241 324 241 324 364 c 0,54,55
 324 416 324 416 325.5 429 c 128,-1,56
 327 442 327 442 333 448 c 0,57,58
 342 456 342 456 340 460 c 0,59,60
 339 461 339 461 340.5 461.5 c 128,-1,61
 342 462 342 462 346 461 c 0,62,63
 361 456 361 456 384 423 c 128,-1,64
 407 390 407 390 407 373 c 0,65,66
 407 364 407 364 400 352 c 128,-1,67
 393 340 393 340 388 340 c 0,68,69
 384 340 384 340 376 356 c 0,70,71
 365 378 365 378 362 354 c 0,72,73
 361 341 361 341 361 313 c 0,74,75
 361 266 361 266 359 262.5 c 128,-1,76
 357 259 357 259 354 236.5 c 128,-1,77
 351 214 351 214 344 194 c 128,-1,78
 337 174 337 174 339 168 c 128,-1,79
 341 162 341 162 335.5 153.5 c 128,-1,80
 330 145 330 145 326.5 129 c 128,-1,81
 323 113 323 113 318 106 c 0,82,83
 315 102 315 102 315 101.5 c 128,-1,84
 315 101 315 101 319 104 c 1,85,-1
 320 103 l 2,86,87
 318 100 318 100 311 93 c 0,88,89
 296 79 296 79 299 73 c 0,90,91
 299 71 299 71 299 70 c 1,92,93
 296 73 296 73 289.5 67 c 128,-1,94
 283 61 283 61 283 56 c 256,95,96
 283 51 283 51 277.5 51 c 128,-1,97
 272 51 272 51 260.5 38.5 c 128,-1,98
 249 26 249 26 244 25 c 0,99,100
 237 25 237 25 225.5 19 c 128,-1,101
 214 13 214 13 214 10 c 0,102,103
 214 5 214 5 210.5 7 c 128,-1,104
 207 9 207 9 193 0 c 128,-1,105
 179 -9 179 -9 170 -14 c 0,106,107
 138 -29 138 -29 138 -37 c 0,108,109
 138 -43 138 -43 129 -43 c 0,110,111
 125 -43 125 -43 123 -44.5 c 128,-1,112
 121 -46 121 -46 121 -49 c 0,113,114
 122 -55 122 -55 118 -55 c 0,115,116
 113 -55 113 -55 106.5 -71 c 128,-1,117
 100 -87 100 -87 102 -95 c 0,118,119
 105 -105 105 -105 100 -111 c 128,-1,120
 95 -117 95 -117 97 -120 c 0,121,122
 99 -122 99 -122 94 -124 c 0,123,124
 92 -125 92 -125 90 -126 c 0,125,126
 80 -129 80 -129 75.5 -124 c 128,-1,127
 71 -119 71 -119 70 -105 c 0,128,129
 69 -73 69 -73 85 -50 c 0,130,131
 94 -38 94 -38 91 -34 c 0,132,133
 90 -32 90 -32 90.5 -32 c 128,-1,134
 91 -32 91 -32 93 -33 c 0,135,136
 98 -36 98 -36 100.5 -27 c 128,-1,137
 103 -18 103 -18 110 -18 c 0,138,139
 115 -18 115 -18 116.5 -11 c 128,-1,140
 118 -4 118 -4 118 18 c 0,141,142
 118 53 118 53 118 56.5 c 128,-1,143
 118 60 118 60 117 218 c 0,144,145
 117 369 117 369 112 373 c 0,146,147
 111 374 111 374 109 373 c 0,148,149
 100 371 100 371 88.5 361 c 128,-1,150
 77 351 77 351 75 344 c 0,151,152
 74 338 74 338 66 332 c 128,-1,153
 58 326 58 326 53 328 c 0,154,155
 48 332 48 332 51.5 351 c 128,-1,156
 55 370 55 370 55 382 c 0,157,158
 56 392 56 392 59 392 c 0,159,160
 61 391 61 391 62 395 c 0,161,162
 63 401 63 401 64 420 c 0,163,164
 65 429 65 429 72 429.5 c 128,-1,165
 79 430 79 430 77 436 c 0,166,167
 77 438 77 438 78 439 c 128,-1,168
 79 440 79 440 80 439 c 0,169,170
 85 436 85 436 90.5 443 c 128,-1,171
 96 450 96 450 99 448 c 256,172,173
 102 446 102 446 108.5 448 c 128,-1,174
 115 450 115 450 120 454 c 128,-1,175
 125 458 125 458 124 461 c 0,176,177
 122 463 122 463 122.5 463.5 c 128,-1,178
 123 464 123 464 125 462 c 0,179,180
 133 458 133 458 156 467 c 0,181,182
 161 471 161 471 161 472 c 0,0,1
EndSplineSet
EndChar

StartChar: w
Encoding: 119 119 69
Width: 634
GlyphClass: 1
Flags: W
LayerCount: 2
Fore
SplineSet
455 9.5 m 128,-1,1
 447 17 447 17 450.5 17 c 128,-1,2
 454 17 454 17 461.5 9.5 c 128,-1,3
 469 2 469 2 466 2 c 128,-1,0
 463 2 463 2 455 9.5 c 128,-1,1
429 41 m 0,4,5
 429 50 429 50 435 42 c 0,6,7
 437 41 437 41 438 38 c 0,8,9
 440 35 440 35 439.5 33.5 c 128,-1,10
 439 32 439 32 436 34 c 0,11,12
 429 37 429 37 429 41 c 0,4,5
590 48 m 128,-1,14
 590 50 590 50 596.5 50 c 128,-1,15
 603 50 603 50 603 45 c 128,-1,16
 603 40 603 40 596.5 43 c 128,-1,13
 590 46 590 46 590 48 c 128,-1,14
385 84 m 2,17,18
 385 84 385 84 380 92 c 1,19,20
 385 90 385 90 406 69 c 0,21,22
 423 50 423 50 418 50 c 128,-1,23
 413 50 413 50 404 61 c 256,24,25
 395 72 395 72 385 84 c 2,17,18
332.5 134.5 m 128,-1,27
 325 142 325 142 328 142 c 128,-1,28
 331 142 331 142 339 134.5 c 128,-1,29
 347 127 347 127 343.5 127 c 128,-1,26
 340 127 340 127 332.5 134.5 c 128,-1,27
266 158 m 0,30,31
 269 166 269 166 272.5 164 c 128,-1,32
 276 162 276 162 269 153 c 0,33,34
 262 143 262 143 262 149 c 0,35,36
 262 152 262 152 266 158 c 0,30,31
393.5 189.5 m 128,-1,38
 382 199 382 199 385.5 199 c 128,-1,39
 389 199 389 199 400.5 189.5 c 128,-1,40
 412 180 412 180 408.5 180 c 128,-1,37
 405 180 405 180 393.5 189.5 c 128,-1,38
532 369 m 128,-1,42
 532 374 532 374 538.5 367 c 128,-1,43
 545 360 545 360 545 355 c 128,-1,44
 545 350 545 350 538.5 357 c 128,-1,41
 532 364 532 364 532 369 c 128,-1,42
105 254 m 2,45,46
 104 424 104 424 112 424 c 128,-1,47
 120 424 120 424 120 417.5 c 128,-1,48
 120 411 120 411 137 399.5 c 128,-1,49
 154 388 154 388 169 364 c 0,50,51
 180 347 180 347 182 323.5 c 128,-1,52
 184 300 184 300 184 183 c 0,53,54
 184 26 184 26 190 26 c 0,55,56
 198 26 198 26 211.5 41.5 c 128,-1,57
 225 57 225 57 236 80 c 0,58,59
 251 110 251 110 255.5 115 c 128,-1,60
 260 120 260 120 281 157 c 0,61,62
 299 190 299 190 317.5 207.5 c 128,-1,63
 336 225 336 225 349 221 c 0,64,65
 355 220 355 220 356.5 220.5 c 128,-1,66
 358 221 358 221 356 226 c 0,67,68
 354 229 354 229 355 230 c 128,-1,69
 356 231 356 231 359 230 c 0,70,71
 365 227 365 227 362 219 c 256,72,73
 359 211 359 211 388.5 184.5 c 128,-1,74
 418 158 418 158 429 160 c 1,75,-1
 434 159 l 2,76,77
 434 158 434 158 432 157 c 0,78,79
 425 153 425 153 443 135 c 2,80,-1
 462 116 l 1,81,-1
 460 270 l 2,82,83
 458 424 458 424 462.5 424 c 128,-1,84
 467 424 467 424 477 413 c 0,85,86
 508 381 508 381 517 380 c 0,87,88
 518 380 518 380 517 383 c 0,89,90
 515 387 515 387 516 388.5 c 128,-1,91
 517 390 517 390 520 388 c 0,92,93
 527 385 527 385 523 378 c 128,-1,94
 519 371 519 371 529 357 c 0,95,96
 535 349 535 349 537 318 c 128,-1,97
 539 287 539 287 539 197 c 2,98,-1
 539 50 l 1,99,-1
 556 60 l 2,100,101
 583 76 583 76 593 67 c 0,102,103
 598 61 598 61 586 50 c 0,104,105
 563 31 563 31 536.5 12 c 128,-1,106
 510 -7 510 -7 505 -7 c 0,107,108
 495 -7 495 -7 449.5 34.5 c 128,-1,109
 404 76 404 76 351 133 c 0,110,111
 337 148 337 148 332.5 150.5 c 128,-1,112
 328 153 328 153 323 147 c 0,113,114
 316 140 316 140 300 110 c 128,-1,115
 284 80 284 80 274 56 c 0,116,117
 266 36 266 36 255 28 c 0,118,119
 238 17 238 17 243 14 c 0,120,121
 245 13 245 13 251 15 c 0,122,123
 253 16 253 16 253 15 c 0,124,125
 253 13 253 13 247 8 c 0,126,127
 235 -2 235 -2 226 0.5 c 128,-1,128
 217 3 217 3 217 -2 c 128,-1,129
 217 -7 217 -7 188 -7 c 128,-1,130
 159 -7 159 -7 159 -3 c 128,-1,131
 159 1 159 1 117 11 c 0,132,133
 81 21 81 21 65.5 32 c 128,-1,134
 50 43 50 43 46 61 c 0,135,136
 41 79 41 79 35 79 c 128,-1,137
 29 79 29 79 31 96.5 c 128,-1,138
 33 114 33 114 47 118 c 128,-1,139
 61 122 61 122 66 117 c 0,140,141
 68 113 68 113 66 114 c 0,142,143
 65 114 65 114 63 115 c 0,144,145
 55 118 55 118 55 114 c 0,146,147
 55 108 55 108 68 98.5 c 128,-1,148
 81 89 81 89 93 87 c 2,149,-1
 107 84 l 1,150,-1
 105 254 l 2,45,46
EndSplineSet
EndChar

StartChar: x
Encoding: 120 120 70
Width: 454
GlyphClass: 1
Flags: W
LayerCount: 2
Fore
SplineSet
115 449 m 0,0,1
 129 453 129 453 142.5 450.5 c 128,-1,2
 156 448 156 448 161 448 c 0,3,4
 175 448 175 448 203.5 413 c 128,-1,5
 232 378 232 378 245 345 c 2,6,-1
 253 325 l 1,7,-1
 264 347 l 2,8,9
 274 370 274 370 305 402 c 0,10,11
 324 422 324 422 334 429.5 c 128,-1,12
 344 437 344 437 359 441 c 0,13,14
 375 445 375 445 381 445 c 128,-1,15
 387 445 387 445 396 439 c 0,16,17
 420 425 420 425 411 393 c 0,18,19
 407 377 407 377 396 362.5 c 128,-1,20
 385 348 385 348 378 348 c 0,21,22
 370 348 370 348 370 350 c 0,23,24
 370 353 370 353 381 368 c 0,25,26
 402 394 402 394 385 413 c 0,27,28
 367 433 367 433 332.5 407.5 c 128,-1,29
 298 382 298 382 272 328 c 0,30,31
 261 306 261 306 261.5 291.5 c 128,-1,32
 262 277 262 277 275 204 c 0,33,34
 284 155 284 155 295 116 c 128,-1,35
 306 77 306 77 311 77 c 0,36,37
 315 77 315 77 315 71 c 0,38,39
 315 63 315 63 331.5 46.5 c 128,-1,40
 348 30 348 30 355 32 c 0,41,42
 363 33 363 33 364 55 c 0,43,44
 364 85 364 85 377 90 c 0,45,46
 384 92 384 92 387 81 c 0,47,48
 388 77 388 77 388 72 c 0,49,50
 390 51 390 51 387 40.5 c 128,-1,51
 384 30 384 30 373 19 c 0,52,53
 357 4 357 4 341 4 c 256,54,55
 325 4 325 4 299.5 15 c 128,-1,56
 274 26 274 26 269.5 34.5 c 128,-1,57
 265 43 265 43 247 65 c 0,58,59
 235 79 235 79 229.5 91 c 128,-1,60
 224 103 224 103 215 132 c 0,61,62
 213 141 213 141 210 135 c 0,63,64
 208 132 208 132 205 121 c 0,65,66
 192 80 192 80 167.5 46.5 c 128,-1,67
 143 13 143 13 126 13 c 0,68,69
 118 13 118 13 101.5 23 c 128,-1,70
 85 33 85 33 81 41 c 0,71,72
 73 55 73 55 78 76.5 c 128,-1,73
 83 98 83 98 96 109 c 0,74,75
 102 113 102 113 102 106 c 0,76,77
 102 102 102 102 101 87 c 2,78,-1
 98 60 l 1,79,-1
 115 48 l 2,80,81
 133 36 133 36 141 41 c 0,82,83
 161 51 161 51 180 105 c 0,84,85
 191 139 191 139 194 146 c 0,86,87
 206 174 206 174 202.5 201 c 128,-1,88
 199 228 199 228 178 281 c 0,89,90
 165 314 165 314 140 355 c 128,-1,91
 115 396 115 396 101 407 c 256,92,93
 87 418 87 418 81.5 411 c 128,-1,94
 76 404 76 404 77 381 c 0,95,96
 79 356 79 356 71 351 c 0,97,98
 58 343 58 343 57 362 c 0,99,100
 56 368 56 368 56 377 c 0,101,102
 57 402 57 402 69 418 c 0,103,104
 87 442 87 442 115 449 c 0,0,1
EndSplineSet
EndChar

StartChar: y
Encoding: 121 121 71
Width: 505
GlyphClass: 1
Flags: W
LayerCount: 2
Fore
SplineSet
263 352 m 0,0,1
 269 362 269 362 271 362 c 0,2,3
 277 362 277 362 265 351 c 0,4,5
 259 345 259 345 258.5 345.5 c 128,-1,6
 258 346 258 346 263 352 c 0,0,1
336 415 m 0,7,8
 338 417 338 417 355.5 416 c 128,-1,9
 373 415 373 415 389 411 c 0,10,11
 398 409 398 409 409.5 396.5 c 128,-1,12
 421 384 421 384 425 387 c 0,13,14
 427 389 427 389 427 386 c 0,15,16
 428 384 428 384 427 383 c 0,17,18
 427 380 427 380 428.5 378.5 c 128,-1,19
 430 377 430 377 432.5 377.5 c 128,-1,20
 435 378 435 378 436 377 c 128,-1,21
 437 376 437 376 436 374 c 0,22,23
 433 370 433 370 442 352 c 0,24,25
 450 338 450 338 451.5 315 c 128,-1,26
 453 292 453 292 447 288 c 0,27,28
 442 284 442 284 444 276.5 c 128,-1,29
 446 269 446 269 442 270 c 0,30,31
 434 270 434 270 423 288 c 0,32,33
 422 289 422 289 422 291 c 0,34,35
 416 305 416 305 418 305 c 0,36,37
 422 302 422 302 423 314 c 0,38,39
 426 345 426 345 417 360 c 0,40,41
 415 364 415 364 413 365 c 128,-1,42
 411 366 411 366 408 363.5 c 128,-1,43
 405 361 405 361 400.5 356 c 128,-1,44
 396 351 396 351 388 341 c 0,45,46
 364 312 364 312 364 304 c 128,-1,47
 364 296 364 296 359 296 c 128,-1,48
 354 296 354 296 357 287 c 0,49,50
 358 281 358 281 356 282 c 0,51,52
 353 284 353 284 348.5 277 c 128,-1,53
 344 270 344 270 341 261 c 128,-1,54
 338 252 338 252 340 249 c 2,55,-1
 339 248 l 2,56,57
 337 249 337 249 334.5 246 c 128,-1,58
 332 243 332 243 329 237 c 128,-1,59
 326 231 326 231 323 223 c 0,60,61
 313 194 313 194 308.5 183.5 c 128,-1,62
 304 173 304 173 306.5 170.5 c 128,-1,63
 309 168 309 168 302 159.5 c 128,-1,64
 295 151 295 151 297.5 146 c 128,-1,65
 300 141 300 141 296 141 c 128,-1,66
 292 141 292 141 293 128 c 0,67,68
 293 117 293 117 290 118 c 0,69,70
 287 120 287 120 287 115 c 0,71,72
 287 114 287 114 287 113 c 0,73,74
 288 106 288 106 282 79.5 c 128,-1,75
 276 53 276 53 279 31 c 128,-1,76
 282 9 282 9 275 5.5 c 128,-1,77
 268 2 268 2 268 -12 c 0,78,79
 268 -33 268 -33 249 -87 c 0,80,81
 244 -104 244 -104 244 -108 c 0,82,83
 245 -110 245 -110 243.5 -110.5 c 128,-1,84
 242 -111 242 -111 240 -109 c 0,85,86
 236 -106 236 -106 232.5 -115.5 c 128,-1,87
 229 -125 229 -125 216 -140.5 c 128,-1,88
 203 -156 203 -156 206 -163 c 0,89,90
 207 -166 207 -166 206 -166 c 0,91,92
 202 -162 202 -162 192 -176 c 0,93,94
 182 -188 182 -188 181 -187 c 0,95,96
 181 -185 181 -185 160 -195 c 0,97,98
 102 -225 102 -225 73 -165 c 0,99,100
 65 -149 65 -149 63.5 -140 c 128,-1,101
 62 -131 62 -131 64 -114 c 0,102,103
 68 -87 68 -87 67 -83 c 1,104,-1
 69 -82 l 2,105,106
 71 -82 71 -82 75 -84 c 0,107,108
 83 -90 83 -90 86 -86 c 0,109,110
 88 -87 88 -87 89 -90 c 0,111,112
 89 -96 89 -96 93 -93.5 c 128,-1,113
 97 -91 97 -91 96 -128 c 0,114,115
 96 -155 96 -155 97.5 -160 c 128,-1,116
 99 -165 99 -165 107 -165 c 0,117,118
 112 -165 112 -165 115 -163 c 128,-1,119
 118 -161 118 -161 118 -158 c 0,120,121
 117 -155 117 -155 119 -154 c 128,-1,122
 121 -153 121 -153 124 -155 c 0,123,124
 128 -157 128 -157 129 -155.5 c 128,-1,125
 130 -154 130 -154 129 -149 c 0,126,127
 128 -146 128 -146 128 -144.5 c 128,-1,128
 128 -143 128 -143 129 -142 c 128,-1,129
 130 -141 130 -141 131 -141 c 0,130,131
 138 -143 138 -143 158 -93 c 128,-1,132
 178 -43 178 -43 182 -13 c 0,133,134
 184 1 184 1 187.5 10.5 c 128,-1,135
 191 20 191 20 188.5 31 c 128,-1,136
 186 42 186 42 190 45 c 128,-1,137
 194 48 194 48 197 77 c 128,-1,138
 200 106 200 106 202 117 c 128,-1,139
 204 128 204 128 206 144.5 c 128,-1,140
 208 161 208 161 213 175 c 128,-1,141
 218 189 218 189 213.5 202.5 c 128,-1,142
 209 216 209 216 208.5 221.5 c 128,-1,143
 208 227 208 227 200.5 236.5 c 128,-1,144
 193 246 193 246 196 246 c 0,145,146
 198 246 198 246 195 254.5 c 128,-1,147
 192 263 192 263 186.5 274.5 c 128,-1,148
 181 286 181 286 176 294 c 0,149,150
 168 306 168 306 165 303 c 0,151,152
 163 301 163 301 163 302 c 128,-1,153
 163 303 163 303 164 305 c 0,154,155
 165 308 165 308 162.5 315.5 c 128,-1,156
 160 323 160 323 156 328.5 c 128,-1,157
 152 334 152 334 149 332 c 0,158,159
 148 331 148 331 145 334 c 128,-1,160
 142 337 142 337 140 342 c 0,161,162
 135 353 135 353 118.5 361.5 c 128,-1,163
 102 370 102 370 89 368 c 0,164,165
 67 365 67 365 62.5 342.5 c 128,-1,166
 58 320 58 320 76 298 c 0,167,168
 96 273 96 273 81 269 c 0,169,170
 79 268 79 268 78 268 c 0,171,172
 71 268 71 268 62.5 281.5 c 128,-1,173
 54 295 54 295 50 292 c 0,174,175
 48 290 48 290 48 291 c 256,176,177
 48 292 48 292 49 294 c 0,178,179
 52 300 52 300 47 308 c 0,180,181
 44 315 44 315 45 326 c 128,-1,182
 46 337 46 337 47.5 357.5 c 128,-1,183
 49 378 49 378 48 390 c 1,184,185
 75 423 75 423 119 392 c 0,186,187
 142 376 142 376 146 378 c 2,188,-1
 149 378 l 1,189,190
 148 377 148 377 147 375 c 0,191,192
 145 373 145 373 148 367 c 128,-1,193
 151 361 151 361 155.5 356.5 c 128,-1,194
 160 352 160 352 163 354 c 128,-1,195
 166 356 166 356 166 352 c 0,196,197
 166 351 166 351 166 350 c 0,198,199
 165 347 165 347 166.5 345.5 c 128,-1,200
 168 344 168 344 170.5 344.5 c 128,-1,201
 173 345 173 345 174.5 344 c 128,-1,202
 176 343 176 343 176 342 c 0,203,204
 173 325 173 325 180 326 c 0,205,206
 181 326 181 326 182 327 c 0,207,208
 185 329 185 329 185.5 328.5 c 128,-1,209
 186 328 186 328 184 326 c 256,210,211
 182 324 182 324 186 315 c 128,-1,212
 190 306 190 306 196 299 c 128,-1,213
 202 292 202 292 204 293 c 0,214,215
 206 295 206 295 207 294.5 c 128,-1,216
 208 294 208 294 207 292 c 0,217,218
 206 287 206 287 213 266.5 c 128,-1,219
 220 246 220 246 222 246 c 0,220,221
 226 246 226 246 228 255 c 0,222,223
 229 261 229 261 227 260 c 1,224,-1
 230 272 l 2,225,226
 232 278 232 278 236 285 c 0,227,228
 250 313 250 313 250 318.5 c 128,-1,229
 250 324 250 324 255 324 c 128,-1,230
 260 324 260 324 258 330 c 128,-1,231
 256 336 256 336 269 352 c 128,-1,232
 282 368 282 368 279 373 c 0,233,234
 278 375 278 375 279 376.5 c 128,-1,235
 280 378 280 378 282.5 377.5 c 128,-1,236
 285 377 285 377 286.5 378.5 c 128,-1,237
 288 380 288 380 287.5 383 c 128,-1,238
 287 386 287 386 288 387 c 128,-1,239
 289 388 289 388 291 387 c 0,240,241
 295 384 295 384 295 389.5 c 128,-1,242
 295 395 295 395 301.5 395 c 128,-1,243
 308 395 308 395 309.5 400.5 c 128,-1,244
 311 406 311 406 322 408.5 c 128,-1,245
 333 411 333 411 336 415 c 0,7,8
EndSplineSet
EndChar

StartChar: z
Encoding: 122 122 72
Width: 586
GlyphClass: 1
Flags: W
LayerCount: 2
Fore
SplineSet
424 491 m 0,0,1
 424 495 424 495 430.5 496.5 c 128,-1,2
 437 498 437 498 443.5 496.5 c 128,-1,3
 450 495 450 495 450 492 c 0,4,5
 450 485 450 485 442 478 c 0,6,7
 437 474 437 474 437 473.5 c 128,-1,8
 437 473 437 473 443 475 c 2,9,-1
 446 475 l 1,10,11
 445 474 445 474 440 471 c 0,12,13
 428 463 428 463 434 463 c 128,-1,14
 440 463 440 463 433 459 c 0,15,16
 422 453 422 453 407.5 435 c 128,-1,17
 393 417 393 417 397 414 c 0,18,19
 398 413 398 413 398 413 c 2,20,21
 398 412 398 412 394 414 c 0,22,23
 386 418 386 418 375.5 401.5 c 128,-1,24
 365 385 365 385 345 370 c 0,25,26
 329 358 329 358 330 356 c 0,27,28
 333 356 333 356 321 347 c 0,29,30
 318 345 318 345 315 343 c 0,31,32
 295 330 295 330 297 324 c 0,33,34
 297 321 297 321 295 319.5 c 128,-1,35
 293 318 293 318 290 318 c 0,36,37
 282 318 282 318 276 310.5 c 128,-1,38
 270 303 270 303 274 298 c 0,39,40
 276 295 276 295 274 295 c 0,41,42
 273 295 273 295 271 296 c 0,43,44
 264 300 264 300 246 278 c 2,45,-1
 227 257 l 1,46,-1
 249 243 l 2,47,48
 269 230 269 230 281.5 229 c 128,-1,49
 294 228 294 228 311 236 c 0,50,51
 339 251 339 251 318 219 c 0,52,53
 312 210 312 210 304.5 207 c 128,-1,54
 297 204 297 204 277 203 c 0,55,56
 245 202 245 202 235 209.5 c 128,-1,57
 225 217 225 217 222 215 c 0,58,59
 221 213 221 213 218.5 215.5 c 128,-1,60
 216 218 216 218 215 223 c 0,61,62
 210 233 210 233 204 233 c 128,-1,63
 198 233 198 233 201.5 228 c 128,-1,64
 205 223 205 223 199 223 c 0,65,66
 194 223 194 223 179 204.5 c 128,-1,67
 164 186 164 186 164 179 c 0,68,69
 164 173 164 173 158.5 175.5 c 128,-1,70
 153 178 153 178 152 172 c 0,71,72
 151 161 151 161 140 147 c 0,73,74
 132 134 132 134 139.5 132 c 128,-1,75
 147 130 147 130 143 126 c 0,76,77
 138 119 138 119 220 100 c 0,78,79
 245 95 245 95 265 92 c 0,80,81
 290 88 290 88 341 89 c 128,-1,82
 392 90 392 90 399 94 c 0,83,84
 408 100 408 100 424 103.5 c 128,-1,85
 440 107 440 107 452 115 c 0,86,87
 460 121 460 121 461 120.5 c 128,-1,88
 462 120 462 120 459 116 c 0,89,90
 456 111 456 111 456.5 110.5 c 128,-1,91
 457 110 457 110 466 116 c 0,92,93
 479 124 479 124 500 140 c 0,94,95
 532 166 532 166 533 150 c 0,96,97
 533 146 533 146 531 139 c 0,98,99
 528 120 528 120 502.5 81 c 128,-1,100
 477 42 477 42 466 37 c 0,101,102
 453 32 453 32 449.5 28.5 c 128,-1,103
 446 25 446 25 427 21 c 128,-1,104
 408 17 408 17 399 12 c 0,105,106
 385 4 385 4 280 4.5 c 128,-1,107
 175 5 175 5 66 15 c 0,108,109
 63 15 63 15 61 24 c 128,-1,110
 59 33 59 33 60.5 41.5 c 128,-1,111
 62 50 62 50 65 50 c 0,112,113
 69 50 69 50 69 56.5 c 128,-1,114
 69 63 69 63 79 79 c 128,-1,115
 89 95 89 95 85.5 100.5 c 128,-1,116
 82 106 82 106 87 106 c 128,-1,117
 92 106 92 106 100 119.5 c 128,-1,118
 108 133 108 133 105 137 c 0,119,120
 101 141 101 141 107.5 141 c 128,-1,121
 114 141 114 141 118 152.5 c 128,-1,122
 122 164 122 164 133 174 c 0,123,124
 141 181 141 181 139 181 c 0,125,126
 138 181 138 181 134 179.5 c 128,-1,127
 130 178 130 178 130 179 c 128,-1,128
 130 180 130 180 136 185 c 0,129,130
 150 197 150 197 170 222.5 c 128,-1,131
 190 248 190 248 187 251 c 0,132,133
 182 254 182 254 155.5 253.5 c 128,-1,134
 129 253 129 253 122 249 c 0,135,136
 113 245 113 245 117 239 c 0,137,138
 122 232 122 232 109 231 c 0,139,140
 97 230 97 230 90 237 c 0,141,142
 82 246 82 246 88.5 248 c 128,-1,143
 95 250 95 250 91 255 c 0,144,145
 89 257 89 257 89.5 257.5 c 128,-1,146
 90 258 90 258 93 257 c 0,147,148
 100 254 100 254 112 264 c 0,149,150
 143 292 143 292 190 282 c 0,151,152
 197 280 197 280 203.5 278.5 c 128,-1,153
 210 277 210 277 213.5 277 c 128,-1,154
 217 277 217 277 218 277 c 1,155,156
 218 283 218 283 248 309 c 0,157,158
 276 333 276 333 276 339.5 c 128,-1,159
 276 346 276 346 282 343 c 128,-1,160
 288 340 288 340 295 350 c 0,161,162
 300 358 300 358 291 359 c 256,163,164
 282 360 282 360 235 360 c 0,165,166
 124 359 124 359 111 377 c 0,167,168
 107 382 107 382 98 379.5 c 128,-1,169
 89 377 89 377 89 381 c 256,170,171
 89 385 89 385 72 391 c 128,-1,172
 55 397 55 397 49 394 c 0,173,174
 40 389 40 389 39 401 c 0,175,176
 38 410 38 410 45 416 c 0,177,178
 50 421 50 421 59.5 435 c 128,-1,179
 69 449 69 449 75 461 c 128,-1,180
 81 473 81 473 78 473 c 256,181,182
 75 473 75 473 84 480 c 0,183,184
 89 485 89 485 94 485 c 128,-1,185
 99 485 99 485 111 480 c 0,186,187
 131 472 131 472 141.5 464.5 c 128,-1,188
 152 457 152 457 159 460 c 128,-1,189
 166 463 166 463 166 458.5 c 128,-1,190
 166 454 166 454 211 447.5 c 128,-1,191
 256 441 256 441 280.5 447 c 128,-1,192
 305 453 305 453 327 455 c 0,193,194
 347 457 347 457 385 471 c 128,-1,195
 423 485 423 485 424 491 c 0,0,1
EndSplineSet
EndChar

StartChar: exclamdown
Encoding: 161 161 73
Width: 265
GlyphClass: 1
Flags: W
LayerCount: 2
Fore
SplineSet
165 573 m 0,0,1
 169 579 169 579 177.5 578.5 c 128,-1,2
 186 578 186 578 188 571 c 0,3,4
 191 563 191 563 196 566 c 0,5,6
 200 569 200 569 199 567 c 0,7,8
 199 565 199 565 198 563 c 0,9,10
 195 558 195 558 192.5 466.5 c 128,-1,11
 190 375 190 375 192 339 c 0,12,13
 193 316 193 316 193 257 c 128,-1,14
 193 198 193 198 196 195.5 c 128,-1,15
 199 193 199 193 196 172.5 c 128,-1,16
 193 152 193 152 198.5 91.5 c 128,-1,17
 204 31 204 31 200 22.5 c 128,-1,18
 196 14 196 14 199 10 c 1,19,-1
 197 9 l 2,20,21
 194 10 194 10 191.5 7 c 128,-1,22
 189 4 189 4 188 -0.5 c 128,-1,23
 187 -5 187 -5 189 -9 c 0,24,25
 190 -12 190 -12 189.5 -12.5 c 128,-1,26
 189 -13 189 -13 187 -11.5 c 128,-1,27
 185 -10 185 -10 183 -12.5 c 128,-1,28
 181 -15 181 -15 180 -20 c 0,29,30
 178 -31 178 -31 159 -56 c 128,-1,31
 140 -81 140 -81 143 -87 c 0,32,33
 144 -89 144 -89 143 -89 c 0,34,35
 140 -86 140 -86 121 -107 c 0,36,37
 107 -123 107 -123 107 -118 c 0,38,39
 109 -110 109 -110 111 30.5 c 128,-1,40
 113 171 113 171 112 308.5 c 128,-1,41
 111 446 111 446 108 446 c 0,42,43
 103 446 103 446 106 441 c 0,44,45
 107 439 107 439 104 438 c 0,46,47
 102 438 102 438 100 439 c 0,48,49
 93 441 93 441 79.5 430.5 c 128,-1,50
 66 420 66 420 69 415 c 0,51,52
 71 413 71 413 69.5 412 c 128,-1,53
 68 411 68 411 65.5 411.5 c 128,-1,54
 63 412 63 412 61.5 410 c 128,-1,55
 60 408 60 408 60.5 404 c 128,-1,56
 61 400 61 400 60 398.5 c 128,-1,57
 59 397 59 397 57 398 c 0,58,59
 54 400 54 400 54 397 c 0,60,61
 54 396 54 396 55 393 c 0,62,63
 56 387 56 387 53 387 c 0,64,65
 49 390 49 390 46.5 385 c 128,-1,66
 44 380 44 380 37 383 c 128,-1,67
 30 386 30 386 32 409.5 c 128,-1,68
 34 433 34 433 44 464 c 0,69,70
 53 494 53 494 53 500.5 c 128,-1,71
 53 507 53 507 65.5 520 c 128,-1,72
 78 533 78 533 84 533 c 256,73,74
 90 533 90 533 87 538 c 0,75,76
 86 541 86 541 86.5 541.5 c 128,-1,77
 87 542 87 542 89 541 c 256,78,79
 91 540 91 540 96 541 c 128,-1,80
 101 542 101 542 107 545 c 128,-1,81
 113 548 113 548 119 551 c 128,-1,82
 125 554 125 554 128.5 557 c 128,-1,83
 132 560 132 560 132 561 c 0,84,85
 130 564 130 564 134 568 c 0,86,87
 135 569 135 569 135 568 c 128,-1,88
 135 567 135 567 133 564 c 0,89,90
 131 560 131 560 132 559 c 128,-1,91
 133 558 133 558 138 560 c 0,92,93
 146 563 146 563 148 563 c 128,-1,94
 150 563 150 563 147 568 c 0,95,96
 146 570 146 570 150 570 c 0,97,98
 151 571 151 571 154 570 c 0,99,100
 162 567 162 567 165 573 c 0,0,1
143.5 809 m 128,-1,102
 161 828 161 828 171 828 c 0,103,104
 178 829 178 829 179 820 c 0,105,106
 181 812 181 812 179 756 c 0,107,108
 177 706 177 706 175 690.5 c 128,-1,109
 173 675 173 675 164 656 c 0,110,111
 152 629 152 629 141.5 620.5 c 128,-1,112
 131 612 131 612 111 591 c 0,113,114
 80 557 80 557 71 570 c 0,115,116
 63 581 63 581 62 655 c 2,117,-1
 60 729 l 1,118,-1
 93 759 l 2,119,101
 126 790 126 790 143.5 809 c 128,-1,102
EndSplineSet
EndChar

StartChar: dieresis
Encoding: 168 168 74
Width: 580
GlyphClass: 1
Flags: W
LayerCount: 2
Fore
SplineSet
210 634 m 2,0,1
 210 634 210 634 209 636 c 1,2,3
 212 634 212 634 221 626 c 0,4,5
 238 610 238 610 238 608 c 128,-1,6
 238 606 238 606 226.5 616.5 c 128,-1,7
 215 627 215 627 215 622.5 c 128,-1,8
 215 618 215 618 225.5 608 c 128,-1,9
 236 598 236 598 238.5 600.5 c 128,-1,10
 241 603 241 603 247 595 c 0,11,12
 251 590 251 590 248 591 c 0,13,14
 242 594 242 594 242 592 c 0,15,16
 243 586 243 586 260 570 c 2,17,-1
 277 555 l 1,18,-1
 263 570 l 2,19,20
 251 583 251 583 252 584 c 0,21,22
 252 586 252 586 275 563 c 0,23,24
 286 551 286 551 284 551 c 0,25,26
 283 551 283 551 280 553 c 0,27,28
 274 558 274 558 274 554 c 0,29,30
 274 549 274 549 282.5 541.5 c 128,-1,31
 291 534 291 534 294 536 c 0,32,33
 297 539 297 539 300 533.5 c 128,-1,34
 303 528 303 528 298 531 c 256,35,36
 293 534 293 534 293 531.5 c 128,-1,37
 293 529 293 529 297 519 c 2,38,-1
 301 508 l 1,39,-1
 235 510 l 2,40,41
 169 511 169 511 157 516 c 0,42,43
 143 521 143 521 142 519 c 0,44,45
 142 518 142 518 144 515 c 0,46,47
 146 513 146 513 145 512 c 128,-1,48
 144 511 144 511 142 513 c 0,49,50
 137 516 137 516 139 520 c 0,51,52
 141 522 141 522 138 524.5 c 128,-1,53
 135 527 135 527 130.5 527.5 c 128,-1,54
 126 528 126 528 122 527 c 0,55,56
 120 527 120 527 120 527 c 1,57,58
 123 530 123 530 116 539 c 128,-1,59
 109 548 109 548 105 545.5 c 128,-1,60
 101 543 101 543 95 551 c 0,61,62
 91 557 91 557 91 557 c 129,-1,63
 91 557 91 557 97 553 c 0,64,65
 105 547 105 547 105 551 c 0,66,67
 105 557 105 557 98.5 561 c 128,-1,68
 92 565 92 565 89 562 c 0,69,70
 87 561 87 561 86.5 561.5 c 128,-1,71
 86 562 86 562 87 564 c 0,72,73
 88 568 88 568 81.5 578.5 c 128,-1,74
 75 589 75 589 71.5 589 c 128,-1,75
 68 589 68 589 71 583 c 2,76,-1
 71 582 l 1,77,78
 69 582 69 582 64 586 c 0,79,80
 53 596 53 596 54 597 c 256,81,82
 55 598 55 598 59 595.5 c 128,-1,83
 63 593 63 593 63 595 c 0,84,85
 63 596 63 596 59 611 c 0,86,87
 55 625 55 625 63 631 c 0,88,89
 69 636 69 636 68 634 c 0,90,91
 67 633 67 633 66 631 c 0,92,93
 64 627 64 627 64.5 626.5 c 128,-1,94
 65 626 65 626 69 627 c 0,95,96
 77 630 77 630 139.5 630.5 c 128,-1,97
 202 631 202 631 204 629 c 0,98,99
 209 624 209 624 211.5 626 c 128,-1,100
 214 628 214 628 210 634 c 2,0,1
467 643.5 m 128,-1,102
 467 646 467 646 481 632.5 c 128,-1,103
 495 619 495 619 495 617 c 128,-1,104
 495 615 495 615 481 628 c 128,-1,101
 467 641 467 641 467 643.5 c 128,-1,102
315 636 m 0,105,106
 324 647 324 647 324 643 c 0,107,108
 324 642 324 642 322 639 c 0,109,110
 321 636 321 636 322 635.5 c 128,-1,111
 323 635 323 635 326 636 c 0,112,113
 333 639 333 639 396 640 c 2,114,-1
 458 641 l 1,115,-1
 476 624 l 2,116,117
 493 607 493 607 495.5 609.5 c 128,-1,118
 498 612 498 612 504 604 c 0,119,120
 507 599 507 599 505 600 c 0,121,122
 499 604 499 604 499 600 c 0,123,124
 500 595 500 595 514 582 c 0,125,126
 525 572 525 572 525 572 c 1,127,-1
 518 581 l 2,128,129
 507 593 507 593 509 593 c 256,130,131
 511 593 511 593 532 572 c 2,132,-1
 542 559 l 1,133,134
 541 559 541 559 539 561 c 0,135,136
 527 572 527 572 527 567 c 0,137,138
 527 563 527 563 537.5 553 c 128,-1,139
 548 543 548 543 550 545 c 1,140,-1
 553 534 l 2,141,142
 554 522 554 522 542 519 c 128,-1,143
 530 516 530 516 483 518 c 0,144,145
 422 521 422 521 406 527 c 0,146,147
 400 530 400 530 399 528 c 0,148,149
 399 527 399 527 401 525 c 0,150,151
 403 521 403 521 402 521 c 256,152,153
 401 521 401 521 399 522 c 0,154,155
 394 525 394 525 396 529 c 0,156,157
 398 531 398 531 394.5 533.5 c 128,-1,158
 391 536 391 536 386.5 536.5 c 128,-1,159
 382 537 382 537 379 536 c 0,160,161
 377 536 377 536 376 536 c 1,162,163
 379 540 379 540 372 548.5 c 128,-1,164
 365 557 365 557 361.5 554.5 c 128,-1,165
 358 552 358 552 352 560 c 0,166,167
 348 566 348 566 348 566 c 129,-1,168
 348 566 348 566 354 562 c 0,169,170
 362 556 362 556 362 561 c 256,171,172
 362 566 362 566 355.5 570.5 c 128,-1,173
 349 575 349 575 346 572 c 0,174,175
 344 570 344 570 343.5 570.5 c 128,-1,176
 343 571 343 571 344 573 c 0,177,178
 345 577 345 577 338.5 587.5 c 128,-1,179
 332 598 332 598 328 598 c 128,-1,180
 324 598 324 598 328 592 c 1,181,-1
 328 591 l 1,182,183
 326 591 326 591 321 596 c 0,184,185
 310 605 310 605 311 607 c 0,186,187
 312 607 312 607 315 605 c 0,188,189
 316 605 316 605 317 607 c 0,190,191
 319 611 319 611 319 619 c 0,192,193
 318 633 318 633 314 631 c 0,194,195
 312 631 312 631 312 631 c 1,196,197
 312 632 312 632 315 636 c 0,105,106
EndSplineSet
EndChar

StartChar: acute
Encoding: 180 180 75
Width: 364
GlyphClass: 1
Flags: W
LayerCount: 2
Fore
SplineSet
193 691 m 0,0,1
 212 706 212 706 230 708.5 c 128,-1,2
 248 711 248 711 258 700 c 0,3,4
 292 663 292 663 292 659 c 0,5,6
 292 656 292 656 303.5 641 c 128,-1,7
 315 626 315 626 315 621.5 c 128,-1,8
 315 617 315 617 261 581 c 2,9,-1
 207 545 l 1,10,-1
 131 547 l 2,11,12
 55 549 55 549 43 556 c 0,13,14
 22 568 22 568 41 580 c 0,15,16
 51 586 51 586 102.5 625.5 c 128,-1,17
 154 665 154 665 162 669.5 c 128,-1,18
 170 674 170 674 193 691 c 0,0,1
EndSplineSet
EndChar

StartChar: questiondown
Encoding: 191 191 76
Width: 598
GlyphClass: 1
Flags: W
LayerCount: 2
Fore
SplineSet
337 644 m 0,0,1
 331 636 331 636 329 636 c 0,2,3
 322 636 322 636 335 645 c 0,4,5
 340 649 340 649 340.5 649 c 128,-1,6
 341 649 341 649 337 644 c 0,0,1
262 635 m 0,7,8
 246 625 246 625 242 644 c 0,9,10
 240 657 240 657 240 695 c 0,11,12
 240 739 240 739 247 752 c 128,-1,13
 254 765 254 765 251 770 c 0,14,15
 249 772 249 772 250 772.5 c 128,-1,16
 251 773 251 773 253 771 c 0,17,18
 258 768 258 768 258.5 773 c 128,-1,19
 259 778 259 778 259.5 783 c 128,-1,20
 260 788 260 788 269 790 c 0,21,22
 275 791 275 791 291.5 803.5 c 128,-1,23
 308 816 308 816 308 820 c 0,24,25
 309 824 309 824 303 821 c 0,26,27
 301 819 301 819 300.5 820 c 128,-1,28
 300 821 300 821 301 823 c 0,29,30
 305 828 305 828 309 826 c 128,-1,31
 313 824 313 824 316 828 c 0,32,33
 319 834 319 834 326.5 833 c 128,-1,34
 334 832 334 832 339 825 c 0,35,36
 345 817 345 817 345 762 c 2,37,-1
 345 708 l 1,38,-1
 329 693 l 2,39,40
 313 678 313 678 316 675 c 0,41,42
 318 674 318 674 317 673.5 c 128,-1,43
 316 673 316 673 313 674 c 0,44,45
 306 677 306 677 288 658 c 0,46,47
 277 646 277 646 278 645 c 2,48,49
 278 645 278 645 281 647 c 2,50,-1
 293 656 l 1,51,-1
 284 646 l 2,52,53
 275 636 275 636 272 638 c 128,-1,54
 269 640 269 640 262 635 c 0,7,8
450.5 367 m 128,-1,56
 456 360 456 360 454 360 c 128,-1,57
 452 360 452 360 446.5 367 c 128,-1,58
 441 374 441 374 443 374 c 128,-1,55
 445 374 445 374 450.5 367 c 128,-1,56
266 334 m 2,59,60
 257 324 257 324 255 324 c 0,61,62
 250 324 250 324 264 336 c 2,63,-1
 274 344 l 1,64,-1
 266 334 l 2,59,60
126 327 m 2,65,66
 111 311 111 311 111 316 c 0,67,68
 111 318 111 318 124 329 c 2,69,-1
 137 340 l 1,70,-1
 126 327 l 2,65,66
217 281 m 0,71,72
 208 269 208 269 208 275 c 0,73,74
 208 277 208 277 216 283 c 0,75,76
 221 287 221 287 221.5 286.5 c 128,-1,77
 222 286 222 286 217 281 c 0,71,72
174 238 m 2,78,79
 165 227 165 227 164 227 c 0,80,81
 158 227 158 227 172 239 c 2,82,-1
 183 248 l 1,83,-1
 174 238 l 2,78,79
48 231 m 0,84,85
 42 223 42 223 40 223 c 0,86,87
 33 223 33 223 46 232 c 0,88,89
 51 237 51 237 51.5 236.5 c 128,-1,90
 52 236 52 236 48 231 c 0,84,85
134 187 m 0,91,92
 128 177 128 177 125.5 179 c 128,-1,93
 123 181 123 181 132 189 c 0,94,95
 138 195 138 195 138 195 c 129,-1,96
 138 195 138 195 134 187 c 0,91,92
168.5 131 m 128,-1,98
 177 122 177 122 174.5 122 c 128,-1,99
 172 122 172 122 164 131 c 128,-1,100
 156 140 156 140 158 140 c 128,-1,97
 160 140 160 140 168.5 131 c 128,-1,98
360 8.5 m 128,-1,102
 348 2 348 2 299.5 4.5 c 128,-1,103
 251 7 251 7 218 7 c 0,104,105
 195 7 195 7 189 9 c 128,-1,106
 183 11 183 11 180 19 c 0,107,108
 174 30 174 30 167 29 c 0,109,110
 164 28 164 28 162 29.5 c 128,-1,111
 160 31 160 31 161 34 c 0,112,113
 162 41 162 41 158.5 43.5 c 128,-1,114
 155 46 155 46 142 63.5 c 128,-1,115
 129 81 129 81 125.5 78.5 c 128,-1,116
 122 76 122 76 113 86 c 2,117,-1
 105 97 l 1,118,-1
 115 88 l 2,119,120
 125 80 125 80 125 83 c 0,121,122
 126 88 126 88 109 103 c 0,123,124
 94 116 94 116 97 120 c 0,125,126
 98 121 98 121 96 121 c 0,127,128
 95 121 95 121 92 120 c 0,129,130
 84 118 84 118 81 123 c 0,131,132
 80 125 80 125 80.5 125.5 c 128,-1,133
 81 126 81 126 83 124 c 0,134,135
 88 121 88 121 89 124 c 0,136,137
 89 129 89 129 81 136 c 0,138,139
 75 141 75 141 75 139 c 0,140,141
 76 138 76 138 76 136 c 0,142,143
 80 131 80 131 78 131 c 256,144,145
 76 131 76 131 70 139 c 0,146,147
 65 145 65 145 67 144 c 0,148,149
 68 144 68 144 69 143 c 0,150,151
 75 140 75 140 75 142 c 0,152,153
 76 147 76 147 61 160 c 0,154,155
 48 171 48 171 51 175 c 0,156,157
 52 176 52 176 50 176 c 0,158,159
 49 176 49 176 46 175 c 0,160,161
 39 173 39 173 35 178 c 128,-1,162
 31 183 31 183 33 193 c 0,163,164
 35 210 35 210 62 237 c 0,165,166
 69 244 69 244 78.5 258.5 c 128,-1,167
 88 273 88 273 88 275 c 0,168,169
 88 279 88 279 80 272 c 0,170,171
 75 268 75 268 74.5 268.5 c 128,-1,172
 74 269 74 269 79 274 c 0,173,174
 85 282 85 282 88 280 c 0,175,176
 93 278 93 278 116 307 c 128,-1,177
 139 336 139 336 137 341 c 0,178,179
 136 343 136 343 136.5 344 c 128,-1,180
 137 345 137 345 139 344 c 0,181,182
 144 342 144 342 155 354 c 0,183,184
 171 371 171 371 166 373 c 0,185,186
 164 373 164 373 161 371 c 2,187,-1
 160 372 l 2,188,189
 161 375 161 375 166 383 c 0,190,191
 177 397 177 397 179 395 c 0,192,193
 182 392 182 392 195 404 c 128,-1,194
 208 416 208 416 208 421 c 0,195,196
 208 425 208 425 202 422 c 1,197,-1
 200 423 l 1,198,199
 204 427 204 427 207 427 c 0,200,201
 216 428 216 428 221 432.5 c 128,-1,202
 226 437 226 437 224 442 c 0,203,204
 223 446 223 446 224 446 c 0,205,206
 227 444 227 444 234 451.5 c 128,-1,207
 241 459 241 459 247 469 c 128,-1,208
 253 479 253 479 251 483 c 0,209,210
 252 486 252 486 254 486 c 0,211,212
 257 484 257 484 260.5 490 c 128,-1,213
 264 496 264 496 265.5 506.5 c 128,-1,214
 267 517 267 517 267 526 c 0,215,216
 266 541 266 541 269 541 c 0,217,218
 270 540 270 540 271 543 c 0,219,220
 272 545 272 545 272 549 c 0,221,222
 272 579 272 579 275 591 c 128,-1,223
 278 603 278 603 288 612 c 0,224,225
 302 624 302 624 300 628 c 1,226,-1
 302 630 l 1,227,228
 303 629 303 629 305 627 c 0,229,230
 314 619 314 619 316 623 c 0,231,232
 317 624 317 624 316 626 c 2,233,-1
 315 631 l 1,234,235
 317 630 317 630 323 623 c 2,236,-1
 326 618 l 1,237,238
 325 618 325 618 323 619.5 c 128,-1,239
 321 621 321 621 320 618 c 128,-1,240
 319 615 319 615 318.5 604.5 c 128,-1,241
 318 594 318 594 318.5 576.5 c 128,-1,242
 319 559 319 559 320 527 c 0,243,244
 322 450 322 450 319 427 c 128,-1,245
 316 404 316 404 301 384 c 0,246,247
 288 367 288 367 290.5 366.5 c 128,-1,248
 293 366 293 366 286.5 358.5 c 128,-1,249
 280 351 280 351 277 353 c 0,250,251
 273 356 273 356 254 335 c 128,-1,252
 235 314 235 314 238 309 c 0,253,254
 240 306 240 306 239 306 c 256,255,256
 238 306 238 306 237 307 c 0,257,258
 233 309 233 309 190.5 268.5 c 128,-1,259
 148 228 148 228 148 223 c 0,260,261
 148 219 148 219 132 200 c 2,262,-1
 116 180 l 1,263,-1
 127 166 l 2,264,265
 138 152 138 152 144 153 c 0,266,267
 146 153 146 153 146.5 152 c 128,-1,268
 147 151 147 151 145 149 c 0,269,270
 143 145 143 145 162 123 c 128,-1,271
 181 101 181 101 187 101 c 0,272,273
 192 101 192 101 191 96 c 128,-1,274
 190 91 190 91 204 75.5 c 128,-1,275
 218 60 218 60 229 61.5 c 128,-1,276
 240 63 240 63 247 57.5 c 128,-1,277
 254 52 254 52 254 57 c 128,-1,278
 254 62 254 62 278 61 c 0,279,280
 292 60 292 60 297 61.5 c 128,-1,281
 302 63 302 63 302 68 c 0,282,283
 302 75 302 75 306 79 c 1,284,-1
 307 77 l 1,285,286
 304 71 304 71 307.5 72 c 128,-1,287
 311 73 311 73 329 81 c 0,288,289
 337 86 337 86 342.5 90 c 128,-1,290
 348 94 348 94 347 95.5 c 128,-1,291
 346 97 346 97 348 97 c 0,292,293
 349 97 349 97 352 96 c 0,294,295
 358 93 358 93 384 119 c 2,296,-1
 410 145 l 1,297,-1
 408 245 l 2,298,299
 406 344 406 344 412 359 c 128,-1,300
 418 374 418 374 422.5 374 c 128,-1,301
 427 374 427 374 446.5 358 c 128,-1,302
 466 342 466 342 472 344 c 0,303,304
 476 344 476 344 476 342 c 0,305,306
 474 338 474 338 486 330.5 c 128,-1,307
 498 323 498 323 504 325 c 0,308,309
 510 328 510 328 513 323 c 0,310,311
 513 321 513 321 512 320 c 0,312,313
 508 323 508 323 508 214 c 0,314,315
 508 83 508 83 499 82 c 0,316,317
 498 82 498 82 496 84 c 0,318,319
 490 90 490 90 479 79 c 0,320,321
 472 74 472 74 471 75 c 0,322,323
 473 79 473 79 472 79 c 128,-1,324
 471 79 471 79 465 76 c 0,325,326
 455 71 455 71 455 68.5 c 128,-1,327
 455 66 455 66 461 70 c 0,328,329
 463 71 463 71 463.5 70.5 c 128,-1,330
 464 70 464 70 463 67 c 0,331,332
 460 62 460 62 455 65 c 128,-1,333
 450 68 450 68 440 59 c 128,-1,334
 430 50 430 50 422 47 c 128,-1,335
 414 44 414 44 416 39 c 0,336,337
 418 37 418 37 416 37 c 256,338,339
 414 37 414 37 411 38 c 0,340,341
 406 38 406 38 407 36 c 0,342,343
 410 31 410 31 404 27 c 0,344,345
 402 26 402 26 401.5 26.5 c 128,-1,346
 401 27 401 27 402 29 c 0,347,348
 407 36 407 36 398 33 c 0,349,350
 394 32 394 32 386 27 c 0,351,352
 372 20 372 20 376 15 c 0,353,354
 376 13 376 13 376 12 c 1,355,101
 372 15 372 15 360 8.5 c 128,-1,102
33 184 m 128,-1,357
 33 182 33 182 38 179 c 128,-1,358
 43 176 43 176 43 181 c 128,-1,359
 43 186 43 186 38 186 c 128,-1,356
 33 186 33 186 33 184 c 128,-1,357
171 384 m 0,360,361
 167 375 167 375 168 374 c 128,-1,362
 169 373 169 373 176 381 c 0,363,364
 182 388 182 388 179.5 390.5 c 128,-1,365
 177 393 177 393 171 384 c 0,360,361
EndSplineSet
EndChar

StartChar: Aacute
Encoding: 193 193 77
Width: 625
GlyphClass: 1
Flags: W
LayerCount: 2
Fore
SplineSet
426 921 m 0,0,1
 446 936 446 936 463.5 938.5 c 128,-1,2
 481 941 481 941 492 929 c 0,3,4
 525 893 525 893 525 889 c 0,5,6
 525 886 525 886 536.5 871 c 128,-1,7
 548 856 548 856 548 851.5 c 128,-1,8
 548 847 548 847 494 811 c 2,9,-1
 440 775 l 1,10,-1
 364 777 l 2,11,12
 289 778 289 778 276 786 c 0,13,14
 256 798 256 798 274 809 c 0,15,16
 284 816 284 816 336 855 c 128,-1,17
 388 894 388 894 395.5 899 c 128,-1,18
 403 904 403 904 426 921 c 0,0,1
344 718 m 0,19,20
 375 730 375 730 408 715 c 0,21,22
 440 701 440 701 432 673 c 0,23,24
 428 658 428 658 423 464 c 2,25,-1
 421 399 l 1,26,-1
 436 409 l 2,27,28
 455 422 455 422 497.5 466.5 c 128,-1,29
 540 511 540 511 545 523 c 0,30,31
 555 547 555 547 568 549 c 0,32,33
 578 550 578 550 574 532 c 0,34,35
 568 511 568 511 525.5 464.5 c 128,-1,36
 483 418 483 418 434 381 c 0,37,38
 425 374 425 374 423.5 364.5 c 128,-1,39
 422 355 422 355 422 308 c 0,40,41
 423 245 423 245 426 205 c 0,42,43
 428 177 428 177 431 167 c 128,-1,44
 434 157 434 157 447 138 c 0,45,46
 468 108 468 108 475.5 104 c 128,-1,47
 483 100 483 100 506 107 c 0,48,49
 532 116 532 116 563 145.5 c 128,-1,50
 594 175 594 175 597 167.5 c 128,-1,51
 600 160 600 160 591 147.5 c 128,-1,52
 582 135 582 135 573 114 c 0,53,54
 547 57 547 57 502 12 c 0,55,56
 475 -14 475 -14 471.5 -14 c 128,-1,57
 468 -14 468 -14 434 11 c 0,58,59
 411 28 411 28 393 47 c 128,-1,60
 375 66 375 66 374 74 c 0,61,62
 374 77 374 77 363 95 c 0,63,64
 339 130 339 130 334 252 c 0,65,66
 331 327 331 327 330.5 328 c 128,-1,67
 330 329 330 329 301 326 c 2,68,-1
 271 323 l 1,69,-1
 249 256 l 2,70,71
 227 187 227 187 215.5 160 c 128,-1,72
 204 133 204 133 180 92 c 0,73,74
 156 50 156 50 141.5 34.5 c 128,-1,75
 127 19 127 19 106 13 c 0,76,77
 86 8 86 8 71 16 c 0,78,79
 55 24 55 24 43 35.5 c 128,-1,80
 31 47 31 47 33 53 c 0,81,82
 36 59 36 59 47 66 c 0,83,84
 55 72 55 72 58.5 71.5 c 128,-1,85
 62 71 62 71 71 62 c 0,86,87
 82 52 82 52 96.5 47 c 128,-1,88
 111 42 111 42 120 46 c 0,89,90
 129 49 129 49 149.5 80.5 c 128,-1,91
 170 112 170 112 183 142 c 0,92,93
 209 205 209 205 243 315 c 2,94,-1
 249 334 l 1,95,-1
 233 344 l 2,96,97
 197 367 197 367 185.5 427 c 128,-1,98
 174 487 174 487 196 541 c 0,99,100
 220 599 220 599 245.5 634.5 c 128,-1,101
 271 670 271 670 305 694 c 0,102,103
 326 708 326 708 328 710.5 c 128,-1,104
 330 713 330 713 344 718 c 0,19,20
319 602.5 m 128,-1,106
 329 661 329 661 327 672 c 2,107,-1
 326 683 l 1,108,-1
 310 672 l 2,109,110
 269 643 269 643 239 585.5 c 128,-1,111
 209 528 209 528 212 481 c 0,112,113
 214 419 214 419 241 391 c 0,114,115
 247 384 247 384 251 380.5 c 128,-1,116
 255 377 255 377 258 376.5 c 128,-1,117
 261 376 261 376 262.5 378.5 c 128,-1,118
 264 381 264 381 265 386 c 0,119,120
 268 396 268 396 285 451 c 128,-1,121
 302 506 302 506 304 522 c 128,-1,122
 306 538 306 538 307.5 541 c 128,-1,105
 309 544 309 544 319 602.5 c 128,-1,106
335 462 m 0,123,124
 338 544 338 544 335 545 c 0,125,126
 333 545 333 545 330 526 c 0,127,128
 327 502 327 502 316 474 c 0,129,130
 313 465 313 465 313.5 461.5 c 128,-1,131
 314 458 314 458 299 412 c 2,132,-1
 283 366 l 1,133,-1
 295 362 l 2,134,135
 322 351 322 351 328 368 c 0,136,137
 331 378 331 378 335 462 c 0,123,124
EndSplineSet
EndChar

StartChar: Eacute
Encoding: 201 201 78
Width: 664
GlyphClass: 1
Flags: W
LayerCount: 2
Fore
SplineSet
426 921 m 0,0,1
 446 936 446 936 463.5 938.5 c 128,-1,2
 481 941 481 941 492 929 c 0,3,4
 525 893 525 893 525 889 c 0,5,6
 525 886 525 886 536.5 871 c 128,-1,7
 548 856 548 856 548 851.5 c 128,-1,8
 548 847 548 847 494 811 c 2,9,-1
 440 775 l 1,10,-1
 364 777 l 2,11,12
 289 778 289 778 276 786 c 0,13,14
 256 798 256 798 274 809 c 0,15,16
 284 816 284 816 336 855 c 128,-1,17
 388 894 388 894 395.5 899 c 128,-1,18
 403 904 403 904 426 921 c 0,0,1
225 713 m 0,19,20
 239 721 239 721 240 721 c 0,21,22
 242 721 242 721 252 715.5 c 128,-1,23
 262 710 262 710 264 707 c 256,24,25
 266 704 266 704 298 688 c 0,26,27
 357 657 357 657 433.5 658.5 c 128,-1,28
 510 660 510 660 546 692 c 0,29,30
 560 704 560 704 572.5 711 c 128,-1,31
 585 718 585 718 588 715 c 0,32,33
 594 709 594 709 540 622.5 c 128,-1,34
 486 536 486 536 478 539 c 0,35,36
 473 541 473 541 459 534 c 0,37,38
 444 526 444 526 388.5 527.5 c 128,-1,39
 333 529 333 529 300 537 c 0,40,41
 264 546 264 546 252 554 c 128,-1,42
 240 562 240 562 236 558 c 0,43,44
 227 549 227 549 234 446 c 0,45,46
 237 403 237 403 242 392.5 c 128,-1,47
 247 382 247 382 272 367 c 0,48,49
 295 352 295 352 333 343.5 c 128,-1,50
 371 335 371 335 404 336 c 0,51,52
 428 336 428 336 508 392 c 0,53,54
 520 400 520 400 522.5 398.5 c 128,-1,55
 525 397 525 397 521 384 c 0,56,57
 516 370 516 370 495 357 c 0,58,59
 451 328 451 328 435.5 319.5 c 128,-1,60
 420 311 420 311 403 306 c 0,61,62
 379 299 379 299 371 301 c 128,-1,63
 363 303 363 303 344 306 c 0,64,65
 292 313 292 313 257 333 c 2,66,-1
 236 345 l 1,67,-1
 236 335 l 2,68,69
 233 255 233 255 240 173 c 0,70,71
 244 138 244 138 243 127 c 128,-1,72
 242 116 242 116 235 100 c 0,73,74
 226 77 226 77 221 70 c 0,75,76
 219 66 219 66 220 66 c 0,77,78
 225 69 225 69 247 79 c 0,79,80
 274 91 274 91 298.5 89 c 128,-1,81
 323 87 323 87 381 70 c 0,82,83
 425 56 425 56 436.5 53 c 128,-1,84
 448 50 448 50 475 47 c 0,85,86
 507 43 507 43 521.5 46.5 c 128,-1,87
 536 50 536 50 563 68 c 0,88,89
 586 83 586 83 590 88.5 c 128,-1,90
 594 94 594 94 593 105 c 0,91,92
 589 127 589 127 614 135 c 0,93,94
 619 137 619 137 620.5 134.5 c 128,-1,95
 622 132 622 132 622 122 c 0,96,97
 622 106 622 106 613 89 c 0,98,99
 607 77 607 77 581 55 c 128,-1,100
 555 33 555 33 546 33 c 0,101,102
 540 33 540 33 538 27 c 0,103,104
 535 19 535 19 511 15 c 128,-1,105
 487 11 487 11 459 15 c 0,106,107
 419 20 419 20 344 45 c 0,108,109
 238 79 238 79 187 6 c 0,110,111
 168 -21 168 -21 147.5 -43 c 128,-1,112
 127 -65 127 -65 124 -57.5 c 128,-1,113
 121 -50 121 -50 130 -30 c 0,114,115
 137 -16 137 -16 138 27.5 c 128,-1,116
 139 71 139 71 140 280 c 2,117,-1
 140 571 l 1,118,-1
 128 568 l 2,119,120
 94 560 94 560 71 523 c 0,121,122
 60 506 60 506 55.5 503 c 128,-1,123
 51 500 51 500 44 507 c 0,124,125
 39 514 39 514 48 552 c 0,126,127
 63 619 63 619 71.5 634 c 128,-1,128
 80 649 80 649 110 663 c 0,129,130
 183 698 183 698 190 698 c 128,-1,131
 197 698 197 698 225 713 c 0,19,20
EndSplineSet
EndChar

StartChar: Iacute
Encoding: 205 205 79
Width: 445
GlyphClass: 1
Flags: W
LayerCount: 2
Fore
SplineSet
306 926 m 0,0,1
 326 941 326 941 343.5 943.5 c 128,-1,2
 361 946 361 946 372 934 c 0,3,4
 405 898 405 898 405 894 c 0,5,6
 405 891 405 891 416.5 876 c 128,-1,7
 428 861 428 861 428 856.5 c 128,-1,8
 428 852 428 852 374 816 c 2,9,-1
 320 780 l 1,10,-1
 244 782 l 2,11,12
 169 783 169 783 156 791 c 0,13,14
 136 803 136 803 154 814 c 0,15,16
 164 821 164 821 216 860 c 128,-1,17
 268 899 268 899 275.5 904 c 128,-1,18
 283 909 283 909 306 926 c 0,0,1
380 753 m 0,19,20
 405 776 405 776 405 761 c 0,21,22
 405 757 405 757 403 750 c 0,23,24
 393 725 393 725 365.5 690 c 128,-1,25
 338 655 338 655 326 653 c 0,26,27
 316 651 316 651 303 644.5 c 128,-1,28
 290 638 290 638 277 635 c 0,29,30
 268 632 268 632 266.5 627 c 128,-1,31
 265 622 265 622 265 596 c 0,32,33
 265 561 265 561 261 529 c 128,-1,34
 257 497 257 497 260 484 c 0,35,36
 264 470 264 470 265 322 c 0,37,38
 266 309 266 309 265 270.5 c 128,-1,39
 264 232 264 232 266.5 228.5 c 128,-1,40
 269 225 269 225 270 200 c 128,-1,41
 271 175 271 175 275.5 172 c 128,-1,42
 280 169 280 169 275 154 c 128,-1,43
 270 139 270 139 269.5 105.5 c 128,-1,44
 269 72 269 72 267 68 c 0,45,46
 266 67 266 67 271 64 c 0,47,48
 296 54 296 54 327 56 c 0,49,50
 329 56 329 56 331 56 c 0,51,52
 362 62 362 62 387 86 c 0,53,54
 411 109 411 109 413 94 c 0,55,56
 414 85 414 85 402 64 c 0,57,58
 379 24 379 24 338 9.5 c 128,-1,59
 297 -5 297 -5 246 8 c 0,60,61
 205 20 205 20 178 3 c 0,62,63
 162 -6 162 -6 159 -2 c 0,64,65
 158 1 158 1 141 -9 c 128,-1,66
 124 -19 124 -19 102.5 -34 c 128,-1,67
 81 -49 81 -49 67 -60 c 0,68,69
 51 -75 51 -75 44 -75 c 256,70,71
 37 -75 37 -75 43 -62 c 0,72,73
 45 -58 45 -58 48 -51 c 0,74,75
 71 -8 71 -8 134 33 c 0,76,77
 161 52 161 52 164.5 56.5 c 128,-1,78
 168 61 168 61 168 331 c 2,79,-1
 168 601 l 1,80,-1
 155 598 l 2,81,82
 122 590 122 590 99 553 c 0,83,84
 89 535 89 535 84 532.5 c 128,-1,85
 79 530 79 530 72 537 c 0,86,87
 67 544 67 544 76 582 c 0,88,89
 92 649 92 649 100.5 664 c 128,-1,90
 109 679 109 679 138 693 c 0,91,92
 211 728 211 728 218 728 c 0,93,94
 223 728 223 728 232 732 c 0,95,96
 255 744 255 744 264 745.5 c 128,-1,97
 273 747 273 747 298 742 c 0,98,99
 336 735 336 735 349.5 737 c 128,-1,100
 363 739 363 739 380 753 c 0,19,20
EndSplineSet
EndChar

StartChar: Ntilde
Encoding: 209 209 80
Width: 1000
GlyphClass: 1
Flags: W
LayerCount: 2
Fore
SplineSet
336 651 m 0,0,1
 357 655 357 655 364 648 c 0,2,3
 367 645 367 645 373 645 c 0,4,5
 395 645 395 645 425 596 c 0,6,7
 443 564 443 564 443 552.5 c 128,-1,8
 443 541 443 541 449.5 532.5 c 128,-1,9
 456 524 456 524 459 503 c 128,-1,10
 462 482 462 482 464 471 c 0,11,12
 470 442 470 442 473 417 c 0,13,14
 479 378 479 378 482 356 c 0,15,16
 491 304 491 304 504 257 c 0,17,18
 509 239 509 239 511 232 c 0,19,20
 513 219 513 219 525 179.5 c 128,-1,21
 537 140 537 140 543 126 c 2,22,-1
 553 106 l 1,23,-1
 553 181 l 2,24,25
 553 208 553 208 553 221 c 128,-1,26
 553 234 553 234 553 238.5 c 128,-1,27
 553 243 553 243 553 244 c 128,-1,28
 553 245 553 245 553 249 c 2,29,-1
 554 261 l 2,30,31
 555 269 555 269 550 269 c 0,32,33
 548 269 548 269 550 266 c 2,34,-1
 555 260 l 1,35,36
 551 264 551 264 550 274 c 0,37,38
 549 280 549 280 551.5 283 c 128,-1,39
 554 286 554 286 554 287 c 128,-1,40
 554 288 554 288 554 306.5 c 128,-1,41
 554 325 554 325 554 364 c 0,42,43
 554 446 554 446 549 439 c 0,44,45
 544 430 544 430 544 539 c 0,46,47
 545 584 545 584 547 592 c 256,48,49
 549 600 549 600 576.5 622 c 128,-1,50
 604 644 604 644 615 646 c 0,51,52
 625 649 625 649 657 612 c 0,53,54
 704 558 704 558 726 558 c 0,55,56
 737 558 737 558 737 552 c 0,57,58
 737 545 737 545 727.5 531 c 128,-1,59
 718 517 718 517 713 517 c 0,60,61
 705 517 705 517 686.5 526.5 c 128,-1,62
 668 536 668 536 662 543 c 0,63,64
 653 553 653 553 650 548.5 c 128,-1,65
 647 544 647 544 648.5 306.5 c 128,-1,66
 650 69 650 69 648 45 c 0,67,68
 646 30 646 30 642 22.5 c 128,-1,69
 638 15 638 15 626 3 c 0,70,71
 606 -15 606 -15 594 -15 c 0,72,73
 558 -15 558 -15 551 -2 c 0,74,75
 501 92 501 92 496 113 c 0,76,77
 493 129 493 129 489 135 c 0,78,79
 486 141 486 141 469 211 c 128,-1,80
 452 281 452 281 444 317 c 0,81,82
 439 340 439 340 431.5 393 c 128,-1,83
 424 446 424 446 415 485 c 0,84,85
 409 508 409 508 397.5 536 c 128,-1,86
 386 564 386 564 374.5 581 c 128,-1,87
 363 598 363 598 359 594 c 0,88,89
 356 591 356 591 356 316 c 2,90,-1
 355 42 l 1,91,-1
 341 12 l 2,92,93
 327 -18 327 -18 309 -37.5 c 128,-1,94
 291 -57 291 -57 285 -72 c 0,95,96
 279 -85 279 -85 270 -96 c 128,-1,97
 261 -107 261 -107 256 -107 c 256,98,99
 251 -107 251 -107 251 -91.5 c 128,-1,100
 251 -76 251 -76 255 -73 c 0,101,102
 259 -71 259 -71 260 221 c 2,103,-1
 260 513 l 1,104,-1
 248 510 l 2,105,106
 214 502 214 502 191 465 c 0,107,108
 180 448 180 448 175 445 c 128,-1,109
 170 442 170 442 164 450 c 0,110,111
 159 456 159 456 168 494 c 0,112,113
 183 561 183 561 191.5 576 c 128,-1,114
 200 591 200 591 230 605 c 0,115,116
 303 640 303 640 311 640 c 0,117,118
 318 640 318 640 322 644.5 c 128,-1,119
 326 649 326 649 336 651 c 0,0,1
347 770 m 0,120,121
 380 781 380 781 407 781 c 128,-1,122
 434 781 434 781 443 769 c 0,123,124
 446 766 446 766 488.5 745 c 128,-1,125
 531 724 531 724 562 721 c 0,126,127
 589 718 589 718 603 722.5 c 128,-1,128
 617 727 617 727 632 743 c 0,129,130
 654 766 654 766 667 760 c 0,131,132
 670 758 670 758 671 753 c 0,133,134
 671 740 671 740 643.5 699 c 128,-1,135
 616 658 616 658 609 660 c 0,136,137
 605 661 605 661 597 651 c 0,138,139
 582 635 582 635 543 635 c 256,140,141
 504 635 504 635 431 677 c 0,142,143
 382 704 382 704 371 708.5 c 128,-1,144
 360 713 360 713 349 709 c 256,145,146
 338 705 338 705 336 709 c 0,147,148
 333 714 333 714 308 707.5 c 128,-1,149
 283 701 283 701 274 693 c 0,150,151
 263 682 263 682 259.5 682 c 128,-1,152
 256 682 256 682 244 669.5 c 128,-1,153
 232 657 232 657 224 662 c 128,-1,154
 216 667 216 667 215 674 c 0,155,156
 213 684 213 684 244.5 714.5 c 128,-1,157
 276 745 276 745 292 748 c 0,158,159
 301 750 301 750 307 753.5 c 128,-1,160
 313 757 313 757 347 770 c 0,120,121
EndSplineSet
EndChar

StartChar: Oacute
Encoding: 211 211 81
Width: 586
GlyphClass: 1
Flags: W
LayerCount: 2
Fore
SplineSet
376 898 m 0,0,1
 396 913 396 913 413.5 915.5 c 128,-1,2
 431 918 431 918 442 906 c 0,3,4
 475 870 475 870 475 866 c 0,5,6
 475 863 475 863 486.5 848 c 128,-1,7
 498 833 498 833 498 828.5 c 128,-1,8
 498 824 498 824 444 788 c 2,9,-1
 390 752 l 1,10,-1
 314 754 l 2,11,12
 239 755 239 755 226 763 c 0,13,14
 206 775 206 775 224 786 c 0,15,16
 234 793 234 793 286 832 c 128,-1,17
 338 871 338 871 345.5 876 c 128,-1,18
 353 881 353 881 376 898 c 0,0,1
192.5 715.5 m 128,-1,20
 202 725 202 725 214.5 720.5 c 128,-1,21
 227 716 227 716 229.5 712 c 128,-1,22
 232 708 232 708 264 692 c 0,23,24
 340 653 340 653 435 665 c 0,25,26
 466 668 466 668 469 665 c 0,27,28
 471 660 471 660 465 648 c 128,-1,29
 459 636 459 636 450 625 c 0,30,31
 438 612 438 612 440 606.5 c 128,-1,32
 442 601 442 601 433 589 c 0,33,34
 415 567 415 567 443 535 c 0,35,36
 458 519 458 519 463 512 c 128,-1,37
 468 505 468 505 495 483 c 2,38,-1
 521 460 l 1,39,-1
 521 319 l 2,40,41
 521 204 521 204 517.5 179 c 128,-1,42
 514 154 514 154 491 117 c 0,43,44
 469 81 469 81 451.5 63.5 c 128,-1,45
 434 46 434 46 408 35 c 0,46,47
 287 -16 287 -16 169 13 c 0,48,49
 128 23 128 23 111.5 33 c 128,-1,50
 95 43 95 43 80 64 c 0,51,52
 80 65 80 65 78 67 c 0,53,54
 57 100 57 100 53.5 127 c 128,-1,55
 50 154 50 154 49 285 c 0,56,57
 49 294 49 294 49 298 c 0,58,59
 49 473 49 473 52 487.5 c 128,-1,60
 55 502 55 502 94 554 c 0,61,62
 130 602 130 602 144 625.5 c 128,-1,63
 158 649 158 649 174 685 c 0,64,19
 183 706 183 706 192.5 715.5 c 128,-1,20
206 563 m 0,65,66
 170 582 170 582 163 582 c 0,67,68
 158 582 158 582 156.5 546 c 128,-1,69
 155 510 155 510 156 360 c 0,70,71
 156 193 156 193 159 149 c 128,-1,72
 162 105 162 105 173 87 c 0,73,74
 180 77 180 77 196.5 66 c 128,-1,75
 213 55 213 55 227 51 c 0,76,77
 240 48 240 48 266 49 c 128,-1,78
 292 50 292 50 309 54 c 0,79,80
 327 59 327 59 345.5 73.5 c 128,-1,81
 364 88 364 88 370 101 c 0,82,83
 383 130 383 130 385 160.5 c 128,-1,84
 387 191 387 191 386 336 c 2,85,-1
 385 529 l 1,86,-1
 346 529 l 2,87,88
 270 530 270 530 206 563 c 0,65,66
EndSplineSet
EndChar

StartChar: Uacute
Encoding: 218 218 82
Width: 654
GlyphClass: 1
Flags: W
LayerCount: 2
Fore
SplineSet
465.35546875 3.0029296875 m 0,0,1
 450.530273438 -26.796875 450.530273438 -26.796875 382.631835938 8.5390625 c 0,2,3
 345.704101562 27.818359375 345.704101562 27.818359375 326.99609375 17.6611328125 c 128,-1,4
 308.286132812 7.505859375 308.286132812 7.505859375 261.01171875 10.916015625 c 0,5,6
 171.209960938 16.1904296875 171.209960938 16.1904296875 136.7109375 99.21875 c 0,7,8
 121.896484375 136.521484375 121.896484375 136.521484375 109.395507812 176.491210938 c 128,-1,9
 96.89453125 216.4609375 96.89453125 216.4609375 99.1787109375 220.848632812 c 128,-1,10
 101.461914062 225.234375 101.461914062 225.234375 96.234375 254.2890625 c 128,-1,11
 91.005859375 283.344726562 91.005859375 283.344726562 85.48828125 396.696289062 c 0,12,13
 82.9892578125 472.309570312 82.9892578125 472.309570312 83.7490234375 496.424804688 c 128,-1,14
 84.5078125 520.541992188 84.5078125 520.541992188 92.31640625 546.638671875 c 0,15,16
 102.2421875 586.580078125 102.2421875 586.580078125 117.323242188 601.762695312 c 128,-1,17
 132.40234375 616.947265625 132.40234375 616.947265625 132.267578125 624.68359375 c 128,-1,18
 132.1328125 632.421875 132.1328125 632.421875 138.03125 632.640625 c 128,-1,19
 143.9296875 632.858398438 143.9296875 632.858398438 161.173828125 659.305664062 c 0,20,21
 182.956054688 696.245117188 182.956054688 696.245117188 192.573242188 686.278320312 c 128,-1,22
 202.189453125 676.310546875 202.189453125 676.310546875 192.413085938 627.772460938 c 0,23,24
 183.635742188 589.594726562 183.635742188 589.594726562 187.416015625 372.9453125 c 128,-1,25
 191.194335938 156.295898438 191.194335938 156.295898438 201.170898438 125.6953125 c 0,26,27
 218.645507812 71.28515625 218.645507812 71.28515625 264.830078125 62.673828125 c 0,28,29
 292.08203125 56.8017578125 292.08203125 56.8017578125 308.266601562 76.326171875 c 0,30,31
 336.06640625 106.606445312 336.06640625 106.606445312 337.766601562 144.521484375 c 0,32,33
 338.766601562 154.881835938 338.766601562 154.881835938 335.416992188 414.561523438 c 2,34,-1
 330.888671875 674.197265625 l 1,35,-1
 351.8515625 690.459960938 l 2,36,37
 370.486328125 704.916015625 370.486328125 704.916015625 415.88671875 707.45703125 c 128,-1,38
 461.286132812 710 461.286132812 710 479.221679688 696.900390625 c 0,39,40
 495.9453125 685.4765625 495.9453125 685.4765625 514.939453125 679.298828125 c 0,41,42
 526.795898438 676.296875 526.795898438 676.296875 531.663085938 667.874023438 c 128,-1,43
 536.532226562 659.452148438 536.532226562 659.452148438 543 627 c 0,44,45
 581.59765625 444.33203125 581.59765625 444.33203125 571.400390625 419.866210938 c 0,46,47
 566.802734375 412.813476562 566.802734375 412.813476562 564.48828125 410.147460938 c 128,-1,48
 562.173828125 407.48046875 562.173828125 407.48046875 558.575195312 410.787109375 c 128,-1,49
 554.9765625 414.096679688 554.9765625 414.096679688 550.682617188 423.400390625 c 128,-1,50
 546.389648438 432.704101562 546.389648438 432.704101562 538.982421875 451.35546875 c 0,51,52
 512.920898438 524.373046875 512.920898438 524.373046875 473.72265625 538.405273438 c 2,53,-1
 459.447265625 544.758789062 l 1,54,-1
 463.015625 340.14453125 l 2,55,56
 466.584960938 135.532226562 466.584960938 135.532226562 472.482421875 135.75 c 128,-1,57
 478.380859375 135.96875 478.380859375 135.96875 501.752929688 183.2890625 c 128,-1,58
 525.125976562 230.610351562 525.125976562 230.610351562 531.614257812 230.850585938 c 128,-1,59
 538.1015625 231.090820312 538.1015625 231.090820312 538.94140625 182.948242188 c 0,60,61
 539.510742188 150.278320312 539.510742188 150.278320312 536.243164062 134.671875 c 128,-1,62
 532.973632812 119.06640625 532.973632812 119.06640625 520.5078125 89.353515625 c 0,63,64
 493.276367188 26.404296875 493.276367188 26.404296875 477.032226562 10.318359375 c 0,65,66
 473.5234375 8.466796875 473.5234375 8.466796875 473.462890625 11.9052734375 c 0,67,68
 473.373046875 17.0634765625 473.373046875 17.0634765625 465.35546875 3.0029296875 c 0,0,1
  Spiro
    465.355 3.00281 o
    437.262 -10.5128 o
    382.632 8.53906 o
    350.259 20.4594 o
    326.995 17.6614 o
    301.145 10.8973 o
    261.011 10.9158 o
    185.036 35.6286 o
    136.711 99.2187 o
    122.475 137.188 o
    109.395 176.491 o
    100.59 207.565 o
    99.1783 220.848 o
    99.5842 231.401 o
    96.234 254.289 o
    90.9335 304.419 o
    85.4884 396.696 o
    83.8037 459.435 o
    83.7484 496.424 o
    86.27 521.036 o
    92.3161 546.639 o
    103.531 580.39 o
    117.323 601.763 o
    128.599 615.085 o
    132.268 624.684 o
    133.641 630.542 o
    138.031 632.64 o
    146.766 639.416 o
    161.173 659.305 o
    179.915 684.518 o
    192.573 686.278 o
    197.342 666.668 o
    192.413 627.773 o
    186.775 544.977 o
    187.416 372.946 o
    192.744 202.808 o
    201.171 125.696 o
    225.823 82.7351 o
    264.83 62.6737 o
    289.315 63.1507 o
    308.266 76.3262 o
    329.542 108.515 o
    337.766 144.522 o
    337.679 217.212 o
    335.417 414.562 [
    330.888 674.198 v
    351.852 690.46 ]
    377.177 701.937 o
    415.886 707.457 o
    454.42 706.089 o
    479.221 696.9 o
    496.513 686.788 o
    514.939 679.299 o
    525.049 674.942 o
    531.663 667.874 o
    536.932 653.444 o
    543 627 o
    569.399 483.883 o
    571.401 419.866 o
    567.374 413.91 o
    564.488 410.147 o
    561.853 408.974 o
    558.575 410.787 o
    554.803 415.595 o
    550.683 423.4 o
    545.611 435.041 o
    538.982 451.355 o
    509.636 509.626 o
    473.722 538.405 [
    459.447 544.759 v
    463.016 340.145 ]
    467.167 186.74 o
    472.482 135.75 o
    482.749 147.744 o
    501.753 183.289 o
    520.905 218.84 o
    531.614 230.851 o
    536.689 218.995 o
    538.941 182.948 o
    538.551 154.544 o
    536.243 134.672 o
    530.674 115.539 o
    520.507 89.3539 o
    496.023 38.12 o
    477.032 10.3179 o
    474.385 9.78917 o
    473.463 11.9052 o
    471.391 12.2587 o
    0 0 z
  EndSpiro
432 898 m 0,69,70
 452 913 452 913 469.5 915.5 c 128,-1,71
 487 918 487 918 498 906 c 0,72,73
 531 870 531 870 531 866 c 0,74,75
 531 863 531 863 542.5 848 c 128,-1,76
 554 833 554 833 554 828.5 c 128,-1,77
 554 824 554 824 500 788 c 2,78,-1
 446 752 l 1,79,-1
 370 754 l 2,80,81
 295 755 295 755 282 763 c 0,82,83
 262 775 262 775 280 786 c 0,84,85
 290 793 290 793 342 832 c 128,-1,86
 394 871 394 871 401.5 876 c 128,-1,87
 409 881 409 881 432 898 c 0,69,70
EndSplineSet
EndChar

StartChar: Udieresis
Encoding: 220 220 83
Width: 654
GlyphClass: 1
Flags: WO
LayerCount: 2
Fore
SplineSet
449.35546875 3.0029296875 m 0,0,1
 434.530273438 -26.796875 434.530273438 -26.796875 366.631835938 8.5390625 c 0,2,3
 329.704101562 27.818359375 329.704101562 27.818359375 310.99609375 17.6611328125 c 128,-1,4
 292.286132812 7.505859375 292.286132812 7.505859375 245.01171875 10.916015625 c 0,5,6
 155.209960938 16.1904296875 155.209960938 16.1904296875 120.7109375 99.21875 c 0,7,8
 105.896484375 136.521484375 105.896484375 136.521484375 93.3955078125 176.491210938 c 128,-1,9
 80.89453125 216.4609375 80.89453125 216.4609375 83.1787109375 220.848632812 c 128,-1,10
 85.4619140625 225.234375 85.4619140625 225.234375 80.234375 254.2890625 c 128,-1,11
 75.005859375 283.344726562 75.005859375 283.344726562 69.48828125 396.696289062 c 0,12,13
 66.9892578125 472.309570312 66.9892578125 472.309570312 67.7490234375 496.424804688 c 128,-1,14
 68.5078125 520.541992188 68.5078125 520.541992188 76.31640625 546.638671875 c 0,15,16
 86.2421875 586.580078125 86.2421875 586.580078125 101.323242188 601.762695312 c 128,-1,17
 116.40234375 616.947265625 116.40234375 616.947265625 116.267578125 624.68359375 c 128,-1,18
 116.1328125 632.421875 116.1328125 632.421875 122.03125 632.640625 c 128,-1,19
 127.9296875 632.858398438 127.9296875 632.858398438 145.173828125 659.305664062 c 0,20,21
 166.956054688 696.245117188 166.956054688 696.245117188 176.573242188 686.278320312 c 128,-1,22
 186.189453125 676.310546875 186.189453125 676.310546875 176.413085938 627.772460938 c 0,23,24
 167.635742188 589.594726562 167.635742188 589.594726562 171.416015625 372.9453125 c 128,-1,25
 175.194335938 156.295898438 175.194335938 156.295898438 185.170898438 125.6953125 c 0,26,27
 202.645507812 71.28515625 202.645507812 71.28515625 248.830078125 62.673828125 c 0,28,29
 276.08203125 56.8017578125 276.08203125 56.8017578125 292.266601562 76.326171875 c 0,30,31
 320.06640625 106.606445312 320.06640625 106.606445312 321.766601562 144.521484375 c 0,32,33
 322.766601562 154.881835938 322.766601562 154.881835938 319.416992188 414.561523438 c 2,34,-1
 314.888671875 674.197265625 l 1,35,-1
 335.8515625 690.459960938 l 2,36,37
 354.486328125 704.916015625 354.486328125 704.916015625 399.88671875 707.45703125 c 128,-1,38
 445.286132812 710 445.286132812 710 463.221679688 696.900390625 c 0,39,40
 479.9453125 685.4765625 479.9453125 685.4765625 498.939453125 679.298828125 c 0,41,42
 510.795898438 676.296875 510.795898438 676.296875 515.663085938 667.874023438 c 128,-1,43
 520.532226562 659.452148438 520.532226562 659.452148438 527 627 c 0,44,45
 565.59765625 444.33203125 565.59765625 444.33203125 555.400390625 419.866210938 c 0,46,47
 550.802734375 412.813476562 550.802734375 412.813476562 548.48828125 410.147460938 c 128,-1,48
 546.173828125 407.48046875 546.173828125 407.48046875 542.575195312 410.787109375 c 128,-1,49
 538.9765625 414.096679688 538.9765625 414.096679688 534.682617188 423.400390625 c 128,-1,50
 530.389648438 432.704101562 530.389648438 432.704101562 522.982421875 451.35546875 c 0,51,52
 496.920898438 524.373046875 496.920898438 524.373046875 457.72265625 538.405273438 c 2,53,-1
 443.447265625 544.758789062 l 1,54,-1
 447.015625 340.14453125 l 2,55,56
 450.584960938 135.532226562 450.584960938 135.532226562 456.482421875 135.75 c 128,-1,57
 462.380859375 135.96875 462.380859375 135.96875 485.752929688 183.2890625 c 128,-1,58
 509.125976562 230.610351562 509.125976562 230.610351562 515.614257812 230.850585938 c 128,-1,59
 522.1015625 231.090820312 522.1015625 231.090820312 522.94140625 182.948242188 c 0,60,61
 523.510742188 150.278320312 523.510742188 150.278320312 520.243164062 134.671875 c 128,-1,62
 516.973632812 119.06640625 516.973632812 119.06640625 504.5078125 89.353515625 c 0,63,64
 477.276367188 26.404296875 477.276367188 26.404296875 461.032226562 10.318359375 c 0,65,66
 457.5234375 8.466796875 457.5234375 8.466796875 457.462890625 11.9052734375 c 0,67,68
 457.373046875 17.0634765625 457.373046875 17.0634765625 449.35546875 3.0029296875 c 0,0,1
  Spiro
    449.355 3.00281 o
    421.262 -10.5128 o
    366.632 8.53906 o
    334.259 20.4594 o
    310.995 17.6614 o
    285.145 10.8973 o
    245.011 10.9158 o
    169.036 35.6286 o
    120.711 99.2187 o
    106.475 137.188 o
    93.3949 176.491 o
    84.5905 207.565 o
    83.1783 220.848 o
    83.5842 231.401 o
    80.234 254.289 o
    74.9335 304.419 o
    69.4884 396.696 o
    67.8037 459.435 o
    67.7484 496.424 o
    70.27 521.036 o
    76.3161 546.639 o
    87.531 580.39 o
    101.323 601.763 o
    112.599 615.085 o
    116.268 624.684 o
    117.641 630.542 o
    122.031 632.64 o
    130.766 639.416 o
    145.173 659.305 o
    163.915 684.518 o
    176.573 686.278 o
    181.342 666.668 o
    176.413 627.773 o
    170.775 544.977 o
    171.416 372.946 o
    176.744 202.808 o
    185.171 125.696 o
    209.823 82.7351 o
    248.83 62.6737 o
    273.315 63.1507 o
    292.266 76.3262 o
    313.542 108.515 o
    321.766 144.522 o
    321.679 217.212 o
    319.417 414.562 [
    314.888 674.198 v
    335.852 690.46 ]
    361.177 701.937 o
    399.886 707.457 o
    438.42 706.089 o
    463.221 696.9 o
    480.513 686.788 o
    498.939 679.299 o
    509.049 674.942 o
    515.663 667.874 o
    520.932 653.444 o
    527 627 o
    553.399 483.883 o
    555.401 419.866 o
    551.374 413.91 o
    548.488 410.147 o
    545.853 408.974 o
    542.575 410.787 o
    538.803 415.595 o
    534.683 423.4 o
    529.611 435.041 o
    522.982 451.355 o
    493.636 509.626 o
    457.722 538.405 [
    443.447 544.759 v
    447.016 340.145 ]
    451.167 186.74 o
    456.482 135.75 o
    466.749 147.744 o
    485.753 183.289 o
    504.905 218.84 o
    515.614 230.851 o
    520.689 218.995 o
    522.941 182.948 o
    522.551 154.544 o
    520.243 134.672 o
    514.674 115.539 o
    504.507 89.3539 o
    480.023 38.12 o
    461.032 10.3179 o
    458.385 9.78917 o
    457.463 11.9052 o
    455.391 12.2587 o
    0 0 z
  EndSpiro
250 845 m 2,69,70
 250 845 250 845 249 846 c 1,71,72
 252 845 252 845 261 837 c 0,73,74
 278 821 278 821 278 819 c 128,-1,75
 278 817 278 817 266.5 827.5 c 128,-1,76
 255 838 255 838 255 833.5 c 128,-1,77
 255 829 255 829 265.5 819 c 128,-1,78
 276 809 276 809 278.5 811 c 128,-1,79
 281 813 281 813 287 806 c 0,80,81
 290 801 290 801 288 801 c 0,82,83
 282 805 282 805 282 802 c 0,84,85
 283 797 283 797 300 781 c 2,86,-1
 317 765 l 1,87,-1
 303 780 l 2,88,89
 291 794 291 794 291 795 c 0,90,91
 292 797 292 797 315 773 c 0,92,93
 326 761 326 761 323 761 c 0,94,95
 322 761 322 761 320 764 c 0,96,97
 314 768 314 768 314 764 c 256,98,99
 314 760 314 760 322.5 752 c 128,-1,100
 331 744 331 744 334 747 c 0,101,102
 336 750 336 750 339.5 744.5 c 128,-1,103
 343 739 343 739 338 742 c 256,104,105
 333 745 333 745 333 742.5 c 128,-1,106
 333 740 333 740 337 729 c 2,107,-1
 341 718 l 1,108,-1
 275 720 l 2,109,110
 208 722 208 722 197 726 c 0,111,112
 183 732 183 732 182 730 c 0,113,114
 182 729 182 729 184 726 c 0,115,116
 185 723 185 723 184.5 722.5 c 128,-1,117
 184 722 184 722 182 723 c 0,118,119
 177 727 177 727 179 730 c 0,120,121
 180 733 180 733 177 735.5 c 128,-1,122
 174 738 174 738 169.5 738.5 c 128,-1,123
 165 739 165 739 162 737 c 0,124,125
 160 737 160 737 159 738 c 1,126,127
 162 741 162 741 155 749.5 c 128,-1,128
 148 758 148 758 144.5 756 c 128,-1,129
 141 754 141 754 135 762 c 0,130,131
 130 767 130 767 130.5 767.5 c 128,-1,132
 131 768 131 768 137 764 c 0,133,134
 145 757 145 757 145 762 c 256,135,136
 145 767 145 767 138.5 771.5 c 128,-1,137
 132 776 132 776 129 773 c 0,138,139
 127 772 127 772 126.5 772 c 128,-1,140
 126 772 126 772 127 774 c 0,141,142
 128 779 128 779 121.5 789.5 c 128,-1,143
 115 800 115 800 111 800 c 128,-1,144
 107 800 107 800 111 794 c 1,145,-1
 110 792 l 1,146,147
 109 793 109 793 104 797 c 0,148,149
 93 807 93 807 94 808 c 256,150,151
 95 809 95 809 99 806.5 c 128,-1,152
 103 804 103 804 103 805 c 0,153,154
 103 807 103 807 99 821 c 0,155,156
 95 836 95 836 102 842 c 0,157,158
 108 847 108 847 108 845 c 0,159,160
 107 844 107 844 106 841 c 0,161,162
 104 838 104 838 104.5 837 c 128,-1,163
 105 836 105 836 109 838 c 0,164,165
 117 841 117 841 179 841.5 c 128,-1,166
 241 842 241 842 244 839 c 0,167,168
 249 834 249 834 251.5 836.5 c 128,-1,169
 254 839 254 839 250 845 c 2,69,70
507 854.5 m 128,-1,171
 507 857 507 857 520.5 843.5 c 128,-1,172
 534 830 534 830 534 827.5 c 128,-1,173
 534 825 534 825 520.5 838.5 c 128,-1,170
 507 852 507 852 507 854.5 c 128,-1,171
355 847 m 0,174,175
 364 858 364 858 364 854 c 0,176,177
 364 853 364 853 362 850 c 0,178,179
 361 847 361 847 361.5 846.5 c 128,-1,180
 362 846 362 846 366 847 c 0,181,182
 373 850 373 850 436 851 c 2,183,-1
 498 851 l 1,184,-1
 515 835 l 2,185,186
 533 818 533 818 535.5 820.5 c 128,-1,187
 538 823 538 823 544 815 c 0,188,189
 547 810 547 810 545 810 c 0,190,191
 539 814 539 814 539 811 c 0,192,193
 540 805 540 805 554 792 c 0,194,195
 564 783 564 783 565 783 c 1,196,-1
 558 791 l 2,197,198
 547 804 547 804 548 804 c 0,199,200
 551 804 551 804 571 782 c 2,201,-1
 582 769 l 1,202,203
 581 770 581 770 579 772 c 0,204,205
 567 783 567 783 567 778 c 0,206,207
 567 774 567 774 577.5 764 c 128,-1,208
 588 754 588 754 590 756 c 1,209,-1
 593 745 l 2,210,211
 594 732 594 732 581.5 729.5 c 128,-1,212
 569 727 569 727 523 729 c 0,213,214
 462 732 462 732 445 738 c 0,215,216
 440 740 440 740 439 739 c 0,217,218
 439 738 439 738 440 735 c 0,219,220
 443 732 443 732 442 731 c 0,221,222
 441 731 441 731 439 733 c 0,223,224
 434 736 434 736 436 740 c 0,225,226
 437 742 437 742 434 744.5 c 128,-1,227
 431 747 431 747 426.5 747.5 c 128,-1,228
 422 748 422 748 418 746 c 0,229,230
 417 747 417 747 416 747 c 1,231,232
 419 750 419 750 412 759 c 128,-1,233
 405 768 405 768 401.5 765.5 c 128,-1,234
 398 763 398 763 392 771 c 0,235,236
 387 776 387 776 387.5 776.5 c 128,-1,237
 388 777 388 777 393 773 c 0,238,239
 401 767 401 767 401 771 c 0,240,241
 401 776 401 776 394.5 780.5 c 128,-1,242
 388 785 388 785 385 782 c 0,243,244
 384 781 384 781 383.5 781.5 c 128,-1,245
 383 782 383 782 384 784 c 0,246,247
 385 788 385 788 378.5 798.5 c 128,-1,248
 372 809 372 809 368 809 c 128,-1,249
 364 809 364 809 367 803 c 2,250,-1
 367 801 l 1,251,252
 365 802 365 802 361 806 c 0,253,254
 349 816 349 816 351 818 c 2,255,256
 351 818 351 818 355 816 c 0,257,258
 356 815 356 815 357 818 c 256,259,260
 358 821 358 821 358 829 c 0,261,262
 358 843 358 843 354 842 c 0,263,264
 352 841 352 841 352 842 c 256,265,266
 352 843 352 843 355 847 c 0,174,175
EndSplineSet
EndChar

StartChar: aacute
Encoding: 225 225 84
Width: 504
GlyphClass: 1
Flags: W
LayerCount: 2
Fore
SplineSet
312 676 m 0,0,1
 332 691 332 691 349.5 693.5 c 128,-1,2
 367 696 367 696 378 684 c 0,3,4
 411 648 411 648 411 644 c 0,5,6
 411 641 411 641 422.5 626 c 128,-1,7
 434 611 434 611 434 606.5 c 128,-1,8
 434 602 434 602 380 566 c 2,9,-1
 326 530 l 1,10,-1
 250 532 l 2,11,12
 175 533 175 533 162 541 c 0,13,14
 142 553 142 553 160 564 c 0,15,16
 170 571 170 571 222 610 c 128,-1,17
 274 649 274 649 281.5 654 c 128,-1,18
 289 659 289 659 312 676 c 0,0,1
150 477 m 0,19,20
 171 494 171 494 180 496 c 128,-1,21
 189 498 189 498 193 487 c 0,22,23
 196 477 196 477 201 477 c 128,-1,24
 206 477 206 477 226 459 c 0,25,26
 328 367 328 367 358 346 c 0,27,28
 383 328 383 328 397.5 308.5 c 128,-1,29
 412 289 412 289 407 280 c 0,30,31
 396 262 396 262 392 211 c 0,32,33
 391 194 391 194 387.5 143 c 128,-1,34
 384 92 384 92 392 73 c 0,35,36
 401 53 401 53 409.5 48 c 128,-1,37
 418 43 418 43 428 52 c 0,38,39
 448 69 448 69 451 58 c 0,40,41
 452 55 452 55 450 51 c 0,42,43
 445 35 445 35 432 17 c 128,-1,44
 419 -1 419 -1 409 -6 c 0,45,46
 395 -13 395 -13 395 -17 c 0,47,48
 393 -22 393 -22 381 -20.5 c 128,-1,49
 369 -19 369 -19 350.5 -11 c 128,-1,50
 332 -3 332 -3 321 7 c 2,51,-1
 306 20 l 1,52,-1
 260 -2 l 1,53,-1
 214 -24 l 1,54,-1
 144 8 l 2,55,56
 75 39 75 39 70 50 c 128,-1,57
 65 61 65 61 65 131 c 0,58,59
 65 183 65 183 66.5 193 c 128,-1,60
 68 203 68 203 79 212 c 0,61,62
 91 223 91 223 120.5 237 c 128,-1,63
 150 251 150 251 167 253 c 0,64,65
 182 256 182 256 188 260 c 128,-1,66
 194 264 194 264 209 265 c 128,-1,67
 224 266 224 266 229.5 269 c 128,-1,68
 235 272 235 272 247.5 273 c 128,-1,69
 260 274 260 274 276.5 288.5 c 128,-1,70
 293 303 293 303 297 303 c 0,71,72
 307 303 307 303 296 279 c 0,73,74
 292 270 292 270 286 263 c 0,75,76
 267 241 267 241 214 233 c 0,77,78
 199 230 199 230 193.5 226 c 128,-1,79
 188 222 188 222 168 216 c 0,80,81
 154 212 154 212 151 208.5 c 128,-1,82
 148 205 148 205 148 193 c 0,83,84
 148 175 148 175 145.5 138.5 c 128,-1,85
 143 102 143 102 147 97 c 128,-1,86
 151 92 151 92 174 78.5 c 128,-1,87
 197 65 197 65 203 61 c 0,88,89
 224 44 224 44 231 41 c 128,-1,90
 238 38 238 38 250 40 c 0,91,92
 265 42 265 42 282.5 49.5 c 128,-1,93
 300 57 300 57 306.5 64 c 128,-1,94
 313 71 313 71 312 200 c 2,95,-1
 311 329 l 1,96,-1
 281 354 l 2,97,98
 251 379 251 379 230 397 c 128,-1,99
 209 415 209 415 189 429 c 2,100,-1
 170 443 l 1,101,-1
 147 425 l 2,102,103
 114 401 114 401 104.5 369 c 128,-1,104
 95 337 95 337 106 292 c 0,105,106
 111 269 111 269 105 260 c 0,107,108
 100 253 100 253 90 248 c 128,-1,109
 80 243 80 243 78 246 c 0,110,111
 77 247 77 247 58 274 c 0,112,113
 30 315 30 315 24 352 c 0,114,115
 22 364 22 364 29 372.5 c 128,-1,116
 36 381 36 381 73 412 c 0,117,118
 125 457 125 457 150 477 c 0,19,20
EndSplineSet
EndChar

StartChar: atilde
Encoding: 227 227 85
Width: 496
GlyphClass: 1
Flags: W
LayerCount: 2
Fore
SplineSet
150 477 m 0,0,1
 171 494 171 494 180 496 c 128,-1,2
 189 498 189 498 193 487 c 0,3,4
 196 477 196 477 201 477 c 128,-1,5
 206 477 206 477 226 459 c 0,6,7
 328 367 328 367 358 346 c 0,8,9
 383 328 383 328 397.5 308.5 c 128,-1,10
 412 289 412 289 407 280 c 0,11,12
 396 262 396 262 392 211 c 0,13,14
 391 194 391 194 387.5 143 c 128,-1,15
 384 92 384 92 392 73 c 0,16,17
 401 53 401 53 409.5 48 c 128,-1,18
 418 43 418 43 428 52 c 0,19,20
 448 69 448 69 451 58 c 0,21,22
 452 55 452 55 450 51 c 0,23,24
 445 35 445 35 432 17 c 128,-1,25
 419 -1 419 -1 409 -6 c 0,26,27
 395 -13 395 -13 395 -17 c 0,28,29
 393 -22 393 -22 381 -20.5 c 128,-1,30
 369 -19 369 -19 350.5 -11 c 128,-1,31
 332 -3 332 -3 321 7 c 2,32,-1
 306 20 l 1,33,-1
 260 -2 l 1,34,-1
 214 -24 l 1,35,-1
 144 8 l 2,36,37
 75 39 75 39 70 50 c 128,-1,38
 65 61 65 61 65 131 c 0,39,40
 65 183 65 183 66.5 193 c 128,-1,41
 68 203 68 203 79 212 c 0,42,43
 91 223 91 223 120.5 237 c 128,-1,44
 150 251 150 251 167 253 c 0,45,46
 182 256 182 256 188 260 c 128,-1,47
 194 264 194 264 209 265 c 128,-1,48
 224 266 224 266 229.5 269 c 128,-1,49
 235 272 235 272 247.5 273 c 128,-1,50
 260 274 260 274 276.5 288.5 c 128,-1,51
 293 303 293 303 297 303 c 0,52,53
 307 303 307 303 296 279 c 0,54,55
 292 270 292 270 286 263 c 0,56,57
 267 241 267 241 214 233 c 0,58,59
 199 230 199 230 193.5 226 c 128,-1,60
 188 222 188 222 168 216 c 0,61,62
 154 212 154 212 151 208.5 c 128,-1,63
 148 205 148 205 148 193 c 0,64,65
 148 175 148 175 145.5 138.5 c 128,-1,66
 143 102 143 102 147 97 c 128,-1,67
 151 92 151 92 174 78.5 c 128,-1,68
 197 65 197 65 203 61 c 0,69,70
 224 44 224 44 231 41 c 128,-1,71
 238 38 238 38 250 40 c 0,72,73
 265 42 265 42 282.5 49.5 c 128,-1,74
 300 57 300 57 306.5 64 c 128,-1,75
 313 71 313 71 312 200 c 2,76,-1
 311 329 l 1,77,-1
 281 354 l 2,78,79
 251 379 251 379 230 397 c 128,-1,80
 209 415 209 415 189 429 c 2,81,-1
 170 443 l 1,82,-1
 147 425 l 2,83,84
 114 401 114 401 104.5 369 c 128,-1,85
 95 337 95 337 106 292 c 0,86,87
 111 269 111 269 105 260 c 0,88,89
 100 253 100 253 90 248 c 128,-1,90
 80 243 80 243 78 246 c 0,91,92
 77 247 77 247 58 274 c 0,93,94
 30 315 30 315 24 352 c 0,95,96
 22 364 22 364 29 372.5 c 128,-1,97
 36 381 36 381 73 412 c 0,98,99
 125 457 125 457 150 477 c 0,0,1
229 613 m 128,-1,101
 232 618 232 618 234.5 618 c 128,-1,102
 237 618 237 618 234 612 c 0,103,104
 231 608 231 608 235 609 c 0,105,106
 237 609 237 609 238 610 c 0,107,108
 244 611 244 611 244 609 c 0,109,110
 242 606 242 606 246 602.5 c 128,-1,111
 250 599 250 599 255.5 597.5 c 128,-1,112
 261 596 261 596 265 598 c 0,113,114
 268 600 268 600 268 598 c 0,115,116
 268 597 268 597 266 595 c 0,117,118
 264 592 264 592 265 591 c 128,-1,119
 266 590 266 590 270 592 c 0,120,121
 276 592 276 592 275 589 c 0,122,123
 273 587 273 587 274 586.5 c 128,-1,124
 275 586 275 586 279 587 c 0,125,126
 287 590 287 590 284 583 c 0,127,128
 283 580 283 580 283.5 578.5 c 128,-1,129
 284 577 284 577 286.5 576 c 128,-1,130
 289 575 289 575 293.5 575 c 128,-1,131
 298 575 298 575 304 575 c 0,132,133
 307 575 307 575 308 574.5 c 128,-1,134
 309 574 309 574 308 572 c 0,135,136
 305 568 305 568 318 564 c 0,137,138
 352 554 352 554 383 559 c 0,139,140
 388 560 388 560 391 562 c 0,141,142
 400 567 400 567 402.5 564.5 c 128,-1,143
 405 562 405 562 408 570 c 0,144,145
 410 573 410 573 409 574 c 128,-1,146
 408 575 408 575 405 574 c 2,147,-1
 403 575 l 1,148,149
 407 579 407 579 410 579 c 128,-1,150
 413 579 413 579 429 589 c 0,151,152
 441 597 441 597 443.5 597 c 128,-1,153
 446 597 446 597 447 590 c 0,154,155
 447 586 447 586 448.5 584 c 128,-1,156
 450 582 450 582 452 584 c 0,157,158
 454 585 454 585 452 579 c 0,159,160
 446 562 446 562 433 544 c 0,161,162
 425 532 425 532 427 529.5 c 128,-1,163
 429 527 429 527 419 519 c 0,164,165
 412 513 412 513 411 512 c 1,166,-1
 415 519 l 2,167,168
 417 522 417 522 417 522 c 257,169,170
 417 522 417 522 411 516 c 0,171,172
 399 503 399 503 396 503 c 0,173,174
 394 503 394 503 385.5 497.5 c 128,-1,175
 377 492 377 492 369.5 486 c 128,-1,176
 362 480 362 480 363 479 c 0,177,178
 365 477 365 477 334 481 c 128,-1,179
 303 485 303 485 297 482 c 0,180,181
 294 481 294 481 293.5 482 c 128,-1,182
 293 483 293 483 294 485 c 0,183,184
 297 489 297 489 293 489 c 0,185,186
 291 488 291 488 290 488 c 0,187,188
 284 487 284 487 285 489 c 256,189,190
 286 491 286 491 284 492.5 c 128,-1,191
 282 494 282 494 278 494 c 0,192,193
 269 494 269 494 266 498.5 c 128,-1,194
 263 503 263 503 256 501 c 0,195,196
 252 501 252 501 252 503 c 0,197,198
 254 505 254 505 246.5 511 c 128,-1,199
 239 517 239 517 230 521 c 128,-1,200
 221 525 221 525 217 523 c 0,201,202
 215 523 215 523 215 524 c 0,203,204
 217 526 217 526 209.5 531 c 128,-1,205
 202 536 202 536 192 540 c 128,-1,206
 182 544 182 544 178 542 c 0,207,208
 174 542 174 542 174 544 c 0,209,210
 177 549 177 549 138 545 c 0,211,212
 126 544 126 544 118 542 c 0,213,214
 112 540 112 540 100.5 533.5 c 128,-1,215
 89 527 89 527 80.5 521 c 128,-1,216
 72 515 72 515 74 513 c 256,217,218
 76 511 76 511 66 504 c 0,219,220
 59 499 59 499 56.5 499.5 c 128,-1,221
 54 500 54 500 48 507 c 0,222,223
 39 518 39 518 44.5 527.5 c 128,-1,224
 50 537 50 537 49.5 540 c 128,-1,225
 49 543 49 543 59 552 c 0,226,227
 66 557 66 557 65 555 c 0,228,229
 62 549 62 549 66 549 c 128,-1,230
 70 549 70 549 80 560 c 128,-1,231
 90 571 90 571 87.5 573 c 128,-1,232
 85 575 85 575 93 581 c 0,233,234
 99 586 99 586 99 585.5 c 128,-1,235
 99 585 99 585 95 580 c 0,236,237
 89 572 89 572 92 573 c 0,238,239
 95 573 95 573 121 586 c 0,240,241
 149 599 149 599 156 599 c 128,-1,242
 163 599 163 599 165.5 603.5 c 128,-1,243
 168 608 168 608 177 610 c 0,244,245
 184 611 184 611 184 608 c 0,246,247
 183 607 183 607 185 607 c 0,248,249
 188 607 188 607 193 609 c 0,250,251
 205 613 205 613 215.5 610.5 c 128,-1,100
 226 608 226 608 229 613 c 128,-1,101
EndSplineSet
EndChar

StartChar: eacute
Encoding: 233 233 86
Width: 434
GlyphClass: 1
Flags: W
LayerCount: 2
Fore
SplineSet
133.5 451.5 m 128,-1,1
 138 455 138 455 150 446 c 0,2,3
 186 421 186 421 226 416 c 0,4,5
 248 413 248 413 297 418 c 128,-1,6
 346 423 346 423 352 428 c 0,7,8
 356 432 356 432 368 432.5 c 128,-1,9
 380 433 380 433 389 439.5 c 128,-1,10
 398 446 398 446 402 446 c 0,11,12
 404 445 404 445 403.5 438.5 c 128,-1,13
 403 432 403 432 400.5 423.5 c 128,-1,14
 398 415 398 415 396 411 c 0,15,16
 392 407 392 407 389 390 c 0,17,18
 386 379 386 379 375 359.5 c 128,-1,19
 364 340 364 340 356 333 c 0,20,21
 351 328 351 328 337 307 c 0,22,23
 331 298 331 298 320.5 286 c 128,-1,24
 310 274 310 274 301.5 266 c 128,-1,25
 293 258 293 258 292.5 260 c 128,-1,26
 292 262 292 262 273.5 254 c 128,-1,27
 255 246 255 246 218 240 c 0,28,29
 156 229 156 229 145 220 c 0,30,31
 137 213 137 213 126.5 208 c 128,-1,32
 116 203 116 203 111 193 c 0,33,34
 105 182 105 182 106.5 126.5 c 128,-1,35
 108 71 108 71 114 58 c 0,36,37
 121 44 121 44 140 34.5 c 128,-1,38
 159 25 159 25 179 27 c 0,39,40
 219 31 219 31 227 43 c 0,41,42
 230 48 230 48 244.5 48 c 128,-1,43
 259 48 259 48 278 59 c 0,44,45
 295 70 295 70 312 76 c 128,-1,46
 329 82 329 82 331 80 c 0,47,48
 332 79 332 79 325 69 c 128,-1,49
 318 59 318 59 308 47 c 128,-1,50
 298 35 298 35 292 31 c 0,51,52
 278 23 278 23 244 11.5 c 128,-1,53
 210 0 210 0 187 -2 c 0,54,55
 152 -4 152 -4 117 3.5 c 128,-1,56
 82 11 82 11 69 24 c 0,57,58
 47 45 47 45 43 69 c 128,-1,59
 39 93 39 93 39 190 c 2,60,-1
 40 310 l 1,61,-1
 68 346 l 2,62,63
 96 383 96 383 112.5 415.5 c 128,-1,0
 129 448 129 448 133.5 451.5 c 128,-1,1
133.5 353 m 128,-1,65
 114 363 114 363 110 363 c 128,-1,66
 106 363 106 363 106 295.5 c 128,-1,67
 106 228 106 228 107.5 228 c 128,-1,68
 109 228 109 228 125 240 c 0,69,70
 175 278 175 278 234 282 c 0,71,72
 254 283 254 283 277 291.5 c 128,-1,73
 300 300 300 300 307 308 c 0,74,75
 310 312 310 312 302 313 c 0,76,77
 296 314 296 314 276 314 c 0,78,79
 241 313 241 313 197 328 c 128,-1,64
 153 343 153 343 133.5 353 c 128,-1,65
282 654 m 0,80,81
 302 669 302 669 319.5 671.5 c 128,-1,82
 337 674 337 674 348 662 c 0,83,84
 381 626 381 626 381 622 c 0,85,86
 381 619 381 619 392.5 604 c 128,-1,87
 404 589 404 589 404 584.5 c 128,-1,88
 404 580 404 580 350 544 c 2,89,-1
 296 508 l 1,90,-1
 220 510 l 2,91,92
 145 511 145 511 132 519 c 0,93,94
 112 531 112 531 130 542 c 0,95,96
 140 549 140 549 192 588 c 128,-1,97
 244 627 244 627 251.5 632 c 128,-1,98
 259 637 259 637 282 654 c 0,80,81
EndSplineSet
EndChar

StartChar: iacute
Encoding: 237 237 87
Width: 204
GlyphClass: 1
Flags: W
LayerCount: 2
Fore
SplineSet
141 555 m 0,0,1
 157 569 157 569 171 571 c 128,-1,2
 185 573 185 573 193 563 c 0,3,4
 219 529 219 529 219 525 c 0,5,6
 219 522 219 522 228 508 c 128,-1,7
 237 494 237 494 237 489.5 c 128,-1,8
 237 485 237 485 195 452 c 2,9,-1
 152 418 l 1,10,-1
 92 419 l 2,11,12
 33 421 33 421 23 428 c 0,13,14
 7 440 7 440 21 450 c 0,15,16
 29 456 29 456 70 493 c 128,-1,17
 111 530 111 530 117 534.5 c 128,-1,18
 123 539 123 539 141 555 c 0,0,1
100 342 m 0,19,20
 128 359 128 359 134 353 c 0,21,22
 141 346 141 346 141 265 c 0,23,24
 142 176 142 176 144 78 c 0,25,26
 146 4 146 4 145 -11.5 c 128,-1,27
 144 -27 144 -27 136 -44 c 0,28,29
 125 -66 125 -66 126 -68 c 0,30,31
 127 -69 127 -69 126.5 -69 c 128,-1,32
 126 -69 126 -69 126 -69 c 2,33,34
 124 -68 124 -68 113.5 -83 c 128,-1,35
 103 -98 103 -98 103 -102 c 0,36,37
 103 -105 103 -105 108 -102 c 0,38,39
 110 -100 110 -100 110.5 -100.5 c 128,-1,40
 111 -101 111 -101 110 -104 c 0,41,42
 107 -110 107 -110 103 -107 c 128,-1,43
 99 -104 99 -104 94.5 -115 c 128,-1,44
 90 -126 90 -126 86 -126 c 256,45,46
 82 -126 82 -126 86 -109 c 0,47,48
 90 -89 90 -89 89 -89 c 256,49,50
 88 -89 88 -89 86 -91 c 0,51,52
 85 -92 85 -92 84 -89 c 128,-1,53
 83 -86 83 -86 83 -81 c 0,54,55
 84 -71 84 -71 86 -71 c 0,56,57
 87 -72 87 -72 88 -49.5 c 128,-1,58
 89 -27 89 -27 89.5 11.5 c 128,-1,59
 90 50 90 50 90 95 c 0,60,61
 90 257 90 257 85 261 c 0,62,63
 84 262 84 262 81 261 c 0,64,65
 72 258 72 258 72 253 c 128,-1,66
 72 248 72 248 69 251 c 0,67,68
 67 252 67 252 63.5 248 c 128,-1,69
 60 244 60 244 57 238 c 0,70,71
 49 221 49 221 43 222 c 128,-1,72
 37 223 37 223 37 241 c 256,73,74
 37 259 37 259 44.5 282.5 c 128,-1,75
 52 306 52 306 61 317 c 0,76,77
 72 328 72 328 69 332 c 2,78,-1
 68 334 l 1,79,80
 69 334 69 334 71 332 c 0,81,82
 76 329 76 329 100 342 c 0,19,20
EndSplineSet
EndChar

StartChar: ntilde
Encoding: 241 241 88
Width: 496
GlyphClass: 1
Flags: W
LayerCount: 2
Fore
SplineSet
120 345 m 0,0,1
 134 359 134 359 193 340 c 0,2,3
 225 330 225 330 241.5 334.5 c 128,-1,4
 258 339 258 339 299 337 c 0,5,6
 378 332 378 332 407 290 c 0,7,8
 419 272 419 272 429.5 252 c 128,-1,9
 440 232 440 232 437.5 229.5 c 128,-1,10
 435 227 435 227 439.5 212.5 c 128,-1,11
 444 198 444 198 446 142 c 0,12,13
 448 104 448 104 447 92 c 128,-1,14
 446 80 446 80 439 67 c 0,15,16
 429 48 429 48 415.5 40.5 c 128,-1,17
 402 33 402 33 402 29.5 c 128,-1,18
 402 26 402 26 397 26 c 128,-1,19
 392 26 392 26 377 13 c 0,20,21
 357 -5 357 -5 348.5 0 c 128,-1,22
 340 5 340 5 350 29 c 0,23,24
 358 48 358 48 358 155.5 c 128,-1,25
 358 263 358 263 350 278 c 0,26,27
 336 306 336 306 295 311 c 0,28,29
 272 314 272 314 257 305 c 0,30,31
 232 290 232 290 230 272 c 0,32,33
 229 267 229 267 229 138 c 2,34,-1
 228 9 l 1,35,-1
 210 1 l 2,36,37
 193 -6 193 -6 153.5 -6 c 128,-1,38
 114 -6 114 -6 98 0 c 0,39,40
 84 6 84 6 67 9 c 0,41,42
 56 11 56 11 52 15.5 c 128,-1,43
 48 20 48 20 43 36 c 0,44,45
 12 128 12 128 22 139 c 0,46,47
 29 147 29 147 33.5 144 c 128,-1,48
 38 141 38 141 49 123 c 0,49,50
 72 87 72 87 105 79 c 2,51,-1
 118 76 l 1,52,-1
 118 177 l 2,53,54
 118 278 118 278 112.5 278 c 128,-1,55
 107 278 107 278 86 255.5 c 128,-1,56
 65 233 65 233 59.5 233 c 128,-1,57
 54 233 54 233 54 257 c 0,58,59
 54 272 54 272 57 280 c 128,-1,60
 60 288 60 288 71 302 c 0,61,62
 97 334 97 334 111 341 c 0,63,64
 113 342 113 342 113 340 c 256,65,66
 113 338 113 338 120 345 c 0,0,1
248.5 521 m 128,-1,68
 251 526 251 526 253.5 526 c 128,-1,69
 256 526 256 526 253 521 c 0,70,71
 250 517 250 517 254 518 c 0,72,73
 256 518 256 518 257 519 c 0,74,75
 263 520 263 520 263 517 c 0,76,77
 261 515 261 515 265 511 c 128,-1,78
 269 507 269 507 274.5 505.5 c 128,-1,79
 280 504 280 504 284 506 c 0,80,81
 287 508 287 508 287 506 c 0,82,83
 287 505 287 505 285 503 c 0,84,85
 283 500 283 500 284 499.5 c 128,-1,86
 285 499 285 499 290 500 c 256,87,88
 295 501 295 501 294 498 c 0,89,90
 292 495 292 495 293 494.5 c 128,-1,91
 294 494 294 494 298 495 c 0,92,93
 306 498 306 498 303 491 c 0,94,95
 302 489 302 489 303 487.5 c 128,-1,96
 304 486 304 486 306 485 c 128,-1,97
 308 484 308 484 312.5 483.5 c 128,-1,98
 317 483 317 483 323 484 c 0,99,100
 326 484 326 484 327 483 c 128,-1,101
 328 482 328 482 327 481 c 0,102,103
 325 477 325 477 337 473 c 0,104,105
 372 462 372 462 402 468 c 0,106,107
 407 469 407 469 410 470 c 0,108,109
 419 475 419 475 421.5 473 c 128,-1,110
 424 471 424 471 427 478 c 0,111,112
 429 482 429 482 428 483 c 128,-1,113
 427 484 427 484 424 482 c 2,114,-1
 422 483 l 1,115,116
 426 487 426 487 429 487.5 c 128,-1,117
 432 488 432 488 448 498 c 0,118,119
 460 505 460 505 462.5 505.5 c 128,-1,120
 465 506 465 506 466 499 c 0,121,122
 466 495 466 495 467.5 493 c 128,-1,123
 469 491 469 491 471 492 c 256,124,125
 473 493 473 493 471 487 c 0,126,127
 465 471 465 471 452 452 c 0,128,129
 444 440 444 440 446 438 c 128,-1,130
 448 436 448 436 438 427 c 0,131,132
 431 421 431 421 430 421 c 1,133,-1
 434 428 l 2,134,135
 437 431 437 431 436 431 c 2,136,137
 436 431 436 431 430 424 c 0,138,139
 418 411 418 411 415 411 c 0,140,141
 413 411 413 411 404.5 405.5 c 128,-1,142
 396 400 396 400 388.5 394.5 c 128,-1,143
 381 389 381 389 382 388 c 0,144,145
 384 386 384 386 353 389.5 c 128,-1,146
 322 393 322 393 316 391 c 0,147,148
 313 390 313 390 312.5 390.5 c 128,-1,149
 312 391 312 391 313 394 c 0,150,151
 316 398 316 398 312 397 c 0,152,153
 310 397 310 397 309 396 c 0,154,155
 303 395 303 395 304 398 c 0,156,157
 305 400 305 400 303 401 c 128,-1,158
 301 402 301 402 297 402 c 0,159,160
 288 402 288 402 285 407 c 128,-1,161
 282 412 282 412 276 409 c 0,162,163
 272 409 272 409 271 411 c 0,164,165
 273 414 273 414 265.5 420 c 128,-1,166
 258 426 258 426 249 430 c 128,-1,167
 240 434 240 434 236 432 c 0,168,169
 234 432 234 432 234 432 c 1,170,171
 236 435 236 435 228.5 440 c 128,-1,172
 221 445 221 445 211 448.5 c 128,-1,173
 201 452 201 452 197 451 c 0,174,175
 194 450 194 450 193 452 c 0,176,177
 196 457 196 457 157 453 c 0,178,179
 145 452 145 452 137 450 c 0,180,181
 131 449 131 449 119.5 442.5 c 128,-1,182
 108 436 108 436 99.5 429.5 c 128,-1,183
 91 423 91 423 93 422 c 0,184,185
 95 419 95 419 85 412 c 0,186,187
 78 408 78 408 75.5 408.5 c 128,-1,188
 73 409 73 409 67 416 c 0,189,190
 58 426 58 426 63.5 436 c 128,-1,191
 69 446 69 446 68.5 449 c 128,-1,192
 68 452 68 452 78 460 c 0,193,194
 85 466 85 466 84 463 c 0,195,196
 81 457 81 457 85 457 c 128,-1,197
 89 457 89 457 99 468 c 128,-1,198
 109 479 109 479 106.5 481 c 128,-1,199
 104 483 104 483 112 490 c 0,200,201
 118 494 118 494 118 494 c 129,-1,202
 118 494 118 494 114 488 c 0,203,204
 108 481 108 481 111 481 c 256,205,206
 114 481 114 481 140 494 c 0,207,208
 168 508 168 508 175 508 c 128,-1,209
 182 508 182 508 184.5 512 c 128,-1,210
 187 516 187 516 196 518 c 0,211,212
 203 519 203 519 203 517 c 0,213,214
 202 515 202 515 204 515 c 0,215,216
 207 515 207 515 212 517 c 0,217,218
 224 522 224 522 235 519 c 128,-1,67
 246 516 246 516 248.5 521 c 128,-1,68
EndSplineSet
EndChar

StartChar: oacute
Encoding: 243 243 89
Width: 360
GlyphClass: 1
Flags: W
LayerCount: 2
Fore
SplineSet
254 630 m 0,0,1
 270 644 270 644 285 646.5 c 128,-1,2
 300 649 300 649 309 638 c 0,3,4
 337 604 337 604 337 601 c 256,5,6
 337 598 337 598 346.5 584 c 128,-1,7
 356 570 356 570 356 565.5 c 128,-1,8
 356 561 356 561 311 528 c 2,9,-1
 265 495 l 1,10,-1
 202 496 l 2,11,12
 138 498 138 498 128 505 c 0,13,14
 111 516 111 516 126 527 c 0,15,16
 134 532 134 532 178 569 c 128,-1,17
 222 606 222 606 228.5 610 c 128,-1,18
 235 614 235 614 254 630 c 0,0,1
127.5 442.5 m 128,-1,20
 132 448 132 448 158 432 c 0,21,22
 207 403 207 403 264 409 c 0,23,24
 284 411 284 411 289 410 c 128,-1,25
 294 409 294 409 294 403 c 0,26,27
 294 394 294 394 284.5 386 c 128,-1,28
 275 378 275 378 277 376 c 128,-1,29
 279 374 279 374 273 359 c 0,30,31
 268 348 268 348 271 342 c 128,-1,32
 274 336 274 336 296 313 c 2,33,-1
 326 282 l 1,34,-1
 326 193 l 1,35,-1
 326 103 l 1,36,-1
 310 76 l 2,37,38
 293 48 293 48 283 38 c 0,39,40
 262 19 262 19 208.5 9.5 c 128,-1,41
 155 0 155 0 117 9 c 0,42,43
 89 15 89 15 76.5 23 c 128,-1,44
 64 31 64 31 53 49 c 2,45,-1
 39 71 l 1,46,-1
 39 189 l 1,47,-1
 39 306 l 1,48,-1
 69 347 l 2,49,50
 100 388 100 388 111.5 412.5 c 128,-1,19
 123 437 123 437 127.5 442.5 c 128,-1,20
136 346 m 0,51,52
 133 347 133 347 128 350 c 0,53,54
 112 360 112 360 108 353 c 0,55,56
 104 343 104 343 104 251 c 0,57,58
 104 230 104 230 104 218 c 0,59,60
 104 118 104 118 105.5 94.5 c 128,-1,61
 107 71 107 71 113 60 c 0,62,63
 122 45 122 45 139 38 c 0,64,65
 165 28 165 28 197.5 39 c 128,-1,66
 230 50 230 50 238 72 c 0,67,68
 242 83 242 83 243 200 c 128,-1,69
 244 317 244 317 240.5 323 c 128,-1,70
 237 329 237 329 218 327 c 0,71,72
 203 325 203 325 178 330.5 c 128,-1,73
 153 336 153 336 136 346 c 0,51,52
EndSplineSet
EndChar

StartChar: uacute
Encoding: 250 250 90
Width: 494
GlyphClass: 1
Flags: W
LayerCount: 2
Fore
SplineSet
378.909179688 6.7197265625 m 0,0,1
 366.345703125 -10.60546875 366.345703125 -10.60546875 308.8046875 9.9384765625 c 0,2,3
 277.509765625 21.1474609375 277.509765625 21.1474609375 261.655273438 15.2421875 c 128,-1,4
 245.799804688 9.337890625 245.799804688 9.337890625 205.736328125 11.3203125 c 0,5,6
 129.633789062 14.38671875 129.633789062 14.38671875 100.397460938 62.6591796875 c 0,7,8
 87.8427734375 84.3466796875 87.8427734375 84.3466796875 77.248046875 107.584960938 c 128,-1,9
 66.654296875 130.823242188 66.654296875 130.823242188 68.58984375 133.374023438 c 128,-1,10
 70.525390625 135.923828125 70.525390625 135.923828125 66.0947265625 152.81640625 c 128,-1,11
 61.6640625 169.708984375 61.6640625 169.708984375 56.98828125 235.611328125 c 0,12,13
 54.8701171875 279.572265625 54.8701171875 279.572265625 55.513671875 293.592773438 c 128,-1,14
 56.1572265625 307.614257812 56.1572265625 307.614257812 62.7744140625 322.787109375 c 0,15,16
 71.1865234375 346.008789062 71.1865234375 346.008789062 83.966796875 354.8359375 c 128,-1,17
 96.74609375 363.6640625 96.74609375 363.6640625 96.6318359375 368.162109375 c 128,-1,18
 96.517578125 372.661132812 96.517578125 372.661132812 101.515625 372.788085938 c 128,-1,19
 106.514648438 372.915039062 106.514648438 372.915039062 121.127929688 388.291015625 c 0,20,21
 139.587890625 409.767578125 139.587890625 409.767578125 147.73828125 403.97265625 c 128,-1,22
 155.887695312 398.177734375 155.887695312 398.177734375 147.602539062 369.958007812 c 0,23,24
 140.1640625 347.76171875 140.1640625 347.76171875 143.3671875 221.802734375 c 128,-1,25
 146.569335938 95.84375 146.569335938 95.84375 155.024414062 78.052734375 c 0,26,27
 169.833007812 46.4189453125 169.833007812 46.4189453125 208.97265625 41.412109375 c 0,28,29
 232.067382812 37.998046875 232.067382812 37.998046875 245.783203125 49.349609375 c 0,30,31
 269.342773438 66.9541015625 269.342773438 66.9541015625 270.783203125 88.998046875 c 0,32,33
 271.630859375 95.021484375 271.630859375 95.021484375 268.791992188 245.998046875 c 2,34,-1
 264.954101562 396.94921875 l 1,35,-1
 282.719726562 406.404296875 l 2,36,37
 298.51171875 414.80859375 298.51171875 414.80859375 336.986328125 416.286132812 c 128,-1,38
 375.4609375 417.764648438 375.4609375 417.764648438 390.66015625 410.1484375 c 0,39,40
 404.833007812 403.506835938 404.833007812 403.506835938 420.9296875 399.915039062 c 0,41,42
 430.977539062 398.169921875 430.977539062 398.169921875 435.102539062 393.272460938 c 128,-1,43
 439.228515625 388.375976562 439.228515625 388.375976562 444.709960938 369.508789062 c 0,44,45
 477.419921875 263.306640625 477.419921875 263.306640625 468.778320312 249.08203125 c 0,46,47
 464.881835938 244.981445312 464.881835938 244.981445312 462.919921875 243.431640625 c 128,-1,48
 460.958984375 241.880859375 460.958984375 241.880859375 457.909179688 243.803710938 c 128,-1,49
 454.859375 245.727539062 454.859375 245.727539062 451.220703125 251.13671875 c 128,-1,50
 447.58203125 256.545898438 447.58203125 256.545898438 441.3046875 267.389648438 c 0,51,52
 419.21875 309.841796875 419.21875 309.841796875 386 318 c 2,53,-1
 373.90234375 321.694335938 l 1,54,-1
 376.926757812 202.732421875 l 2,55,56
 379.951171875 83.771484375 379.951171875 83.771484375 384.94921875 83.8984375 c 128,-1,57
 389.948242188 84.025390625 389.948242188 84.025390625 409.754882812 111.537109375 c 128,-1,58
 429.5625 139.049804688 429.5625 139.049804688 435.060546875 139.189453125 c 128,-1,59
 440.55859375 139.329101562 440.55859375 139.329101562 441.270507812 111.338867188 c 0,60,61
 441.752929688 92.3447265625 441.752929688 92.3447265625 438.983398438 83.271484375 c 128,-1,62
 436.212890625 74.1982421875 436.212890625 74.1982421875 425.6484375 56.923828125 c 0,63,64
 402.571289062 20.3251953125 402.571289062 20.3251953125 388.8046875 10.97265625 c 0,65,66
 385.831054688 9.896484375 385.831054688 9.896484375 385.780273438 11.8955078125 c 0,67,68
 385.704101562 14.89453125 385.704101562 14.89453125 378.909179688 6.7197265625 c 0,0,1
291 628 m 4,69,70
 307 642 307 642 322 644.5 c 132,-1,71
 337 647 337 647 346 636 c 4,72,73
 374 602 374 602 374 599 c 260,74,75
 374 596 374 596 383.5 582 c 132,-1,76
 393 568 393 568 393 563.5 c 4,77,78
 393 558.282608696 393 558.282608696 348 526 c 6,79,-1
 302 493 l 5,80,-1
 239 494 l 6,81,82
 176 495 176 495 165 503 c 4,83,84
 147 515 147 515 163 525 c 4,85,86
 171 530 171 530 215 567 c 132,-1,87
 259 604 259 604 265.5 608 c 132,-1,88
 272 612 272 612 291 628 c 4,69,70
EndSplineSet
EndChar

StartChar: udieresis
Encoding: 252 252 91
Width: 494
GlyphClass: 1
Flags: W
LayerCount: 2
Fore
SplineSet
378.909179688 6.7197265625 m 0,0,1
 366.345703125 -10.60546875 366.345703125 -10.60546875 308.8046875 9.9384765625 c 0,2,3
 277.509765625 21.1474609375 277.509765625 21.1474609375 261.655273438 15.2421875 c 128,-1,4
 245.799804688 9.337890625 245.799804688 9.337890625 205.736328125 11.3203125 c 0,5,6
 129.633789062 14.38671875 129.633789062 14.38671875 100.397460938 62.6591796875 c 0,7,8
 87.8427734375 84.3466796875 87.8427734375 84.3466796875 77.248046875 107.584960938 c 128,-1,9
 66.654296875 130.823242188 66.654296875 130.823242188 68.58984375 133.374023438 c 128,-1,10
 70.525390625 135.923828125 70.525390625 135.923828125 66.0947265625 152.81640625 c 128,-1,11
 61.6640625 169.708984375 61.6640625 169.708984375 56.98828125 235.611328125 c 0,12,13
 54.8701171875 279.572265625 54.8701171875 279.572265625 55.513671875 293.592773438 c 128,-1,14
 56.1572265625 307.614257812 56.1572265625 307.614257812 62.7744140625 322.787109375 c 0,15,16
 71.1865234375 346.008789062 71.1865234375 346.008789062 83.966796875 354.8359375 c 128,-1,17
 96.74609375 363.6640625 96.74609375 363.6640625 96.6318359375 368.162109375 c 128,-1,18
 96.517578125 372.661132812 96.517578125 372.661132812 101.515625 372.788085938 c 128,-1,19
 106.514648438 372.915039062 106.514648438 372.915039062 121.127929688 388.291015625 c 0,20,21
 139.587890625 409.767578125 139.587890625 409.767578125 147.73828125 403.97265625 c 128,-1,22
 155.887695312 398.177734375 155.887695312 398.177734375 147.602539062 369.958007812 c 0,23,24
 140.1640625 347.76171875 140.1640625 347.76171875 143.3671875 221.802734375 c 128,-1,25
 146.569335938 95.84375 146.569335938 95.84375 155.024414062 78.052734375 c 0,26,27
 169.833007812 46.4189453125 169.833007812 46.4189453125 208.97265625 41.412109375 c 0,28,29
 232.067382812 37.998046875 232.067382812 37.998046875 245.783203125 49.349609375 c 0,30,31
 269.342773438 66.9541015625 269.342773438 66.9541015625 270.783203125 88.998046875 c 0,32,33
 271.630859375 95.021484375 271.630859375 95.021484375 268.791992188 245.998046875 c 2,34,-1
 264.954101562 396.94921875 l 1,35,-1
 282.719726562 406.404296875 l 2,36,37
 298.51171875 414.80859375 298.51171875 414.80859375 336.986328125 416.286132812 c 128,-1,38
 375.4609375 417.764648438 375.4609375 417.764648438 390.66015625 410.1484375 c 0,39,40
 404.833007812 403.506835938 404.833007812 403.506835938 420.9296875 399.915039062 c 0,41,42
 430.977539062 398.169921875 430.977539062 398.169921875 435.102539062 393.272460938 c 128,-1,43
 439.228515625 388.375976562 439.228515625 388.375976562 444.709960938 369.508789062 c 0,44,45
 477.419921875 263.306640625 477.419921875 263.306640625 468.778320312 249.08203125 c 0,46,47
 464.881835938 244.981445312 464.881835938 244.981445312 462.919921875 243.431640625 c 128,-1,48
 460.958984375 241.880859375 460.958984375 241.880859375 457.909179688 243.803710938 c 128,-1,49
 454.859375 245.727539062 454.859375 245.727539062 451.220703125 251.13671875 c 128,-1,50
 447.58203125 256.545898438 447.58203125 256.545898438 441.3046875 267.389648438 c 0,51,52
 419.21875 309.841796875 419.21875 309.841796875 386 318 c 2,53,-1
 373.90234375 321.694335938 l 1,54,-1
 376.926757812 202.732421875 l 2,55,56
 379.951171875 83.771484375 379.951171875 83.771484375 384.94921875 83.8984375 c 128,-1,57
 389.948242188 84.025390625 389.948242188 84.025390625 409.754882812 111.537109375 c 128,-1,58
 429.5625 139.049804688 429.5625 139.049804688 435.060546875 139.189453125 c 128,-1,59
 440.55859375 139.329101562 440.55859375 139.329101562 441.270507812 111.338867188 c 0,60,61
 441.752929688 92.3447265625 441.752929688 92.3447265625 438.983398438 83.271484375 c 128,-1,62
 436.212890625 74.1982421875 436.212890625 74.1982421875 425.6484375 56.923828125 c 0,63,64
 402.571289062 20.3251953125 402.571289062 20.3251953125 388.8046875 10.97265625 c 0,65,66
 385.831054688 9.896484375 385.831054688 9.896484375 385.780273438 11.8955078125 c 0,67,68
 385.704101562 14.89453125 385.704101562 14.89453125 378.909179688 6.7197265625 c 0,0,1
144 601 m 6,69,70
 144 601 144 601 143 602 c 5,71,72
 145 602 145 602 153 593 c 4,73,74
 166 578 166 578 166 576.5 c 132,-1,75
 166 575 166 575 157 584.5 c 132,-1,76
 148 594 148 594 148 590 c 4,77,78
 148 587 148 587 152 581.5 c 132,-1,79
 156 576 156 576 161 572 c 132,-1,80
 166 568 166 568 167 569 c 4,81,82
 169 572 169 572 174 564 c 4,83,84
 176 560 176 560 175 560 c 4,85,86
 169 564 169 564 170 561 c 4,87,88
 170 557.153846154 170 557.153846154 184 541 c 6,89,-1
 197 526 l 5,90,-1
 186 541 l 6,91,92
 175 555 175 555 177 554 c 4,93,94
 183 552 183 552 196 534 c 4,95,96
 204 523 204 523 203 523 c 260,97,98
 202 523 202 523 200 525 c 4,99,100
 195 529 195 529 195 526 c 260,101,102
 195 523 195 523 198.5 518 c 132,-1,103
 202 513 202 513 205.5 510.5 c 132,-1,104
 209 508 209 508 211 509 c 4,105,106
 213 512 213 512 215.5 506.5 c 4,107,108
 217 504 217 504 214 505 c 4,109,110
 210 507 210 507 210 504 c 260,111,112
 210 501 210 501 213 493 c 6,113,-1
 216 482 l 5,114,-1
 164 484 l 6,115,116
 111 486 111 486 102 490 c 4,117,118
 91 495 91 495 90 493 c 4,119,120
 90 492 90 492 92 489 c 4,121,122
 93 487 93 487 92.5 486.5 c 132,-1,123
 92 486 92 486 90 487 c 4,124,125
 86 490 86 490 88 494 c 4,126,127
 89 496 89 496 86.5 498.5 c 132,-1,128
 84 501 84 501 80.5 501.5 c 132,-1,129
 77 502 77 502 74 500 c 6,130,-1
 72 501 l 5,131,132
 74 503 74 503 71.5 507.5 c 132,-1,133
 69 512 69 512 65.5 515.5 c 132,-1,134
 62 519 62 519 60 518 c 4,135,136
 58 516 58 516 53 523 c 5,137,-1
 54 525 l 5,138,139
 60 519 60 519 60 523 c 4,140,141
 60 528 60 528 55 532.5 c 132,-1,142
 50 537 50 537 48 534 c 6,143,-1
 46 535 l 5,144,145
 47 539 47 539 42 549 c 132,-1,146
 37 559 37 559 34 559 c 4,147,148
 33 559 33 559 33 553 c 6,149,-1
 33 552 l 5,150,151
 32 552 32 552 28 556 c 4,152,153
 18 570 18 570 21 567 c 4,154,155
 22 566 22 566 24 565 c 4,156,157
 27 562 27 562 27 564 c 132,-1,158
 27 566 27 566 24 579 c 4,159,160
 21 593 21 593 27 598 c 4,161,162
 31 602 31 602 31 601 c 6,163,164
 31 601 31 601 30 598 c 4,165,166
 28 594 28 594 28.5 593.5 c 132,-1,167
 29 593 29 593 32 594 c 4,168,169
 38 597 38 597 87.5 597.5 c 132,-1,170
 137 598 137 598 140 596 c 4,171,172
 145 590 145 590 146 594 c 4,173,174
 146 599 146 599 144 601 c 6,69,70
348 610 m 132,-1,176
 348 612 348 612 359 599.5 c 132,-1,177
 370 587 370 587 370 585 c 132,-1,178
 370 583 370 583 359 595.5 c 132,-1,175
 348 608 348 608 348 610 c 132,-1,176
228 603 m 4,179,180
 234 612 234 612 235 610 c 4,181,182
 235 609 235 609 233 606 c 4,183,184
 232 603 232 603 233 602.5 c 132,-1,185
 234 602 234 602 236 603 c 4,186,187
 239.872340426 604.936170213 239.872340426 604.936170213 292 606 c 6,188,-1
 341 607 l 5,189,-1
 355 592 l 6,190,191
 369 576 369 576 371 578 c 4,192,193
 375 582 375 582 378 573 c 4,194,195
 380 568 380 568 379 569 c 4,196,197
 374 572 374 572 374 570 c 4,198,199
 374 565.5 374 565.5 386 552 c 6,200,-1
 394 543 l 5,201,202
 394 545 394 545 389 551 c 4,203,204
 379 564 379 564 382 563 c 4,205,206
 389.698113208 558.188679245 389.698113208 558.188679245 400 542 c 6,207,-1
 407 531 l 5,208,-1
 406 532 l 6,209,210
 396 543 396 543 396 538 c 4,211,212
 396 536 396 536 400 530.5 c 132,-1,213
 404 525 404 525 408.5 520.5 c 132,-1,214
 413 516 413 516 414 517 c 5,215,-1
 417 507 l 6,216,217
 420 496 420 496 407.5 492.5 c 4,218,219
 398 490 398 490 361 492 c 4,220,221
 313 495 313 495 300 501 c 4,222,223
 296 503 296 503 295 502 c 132,-1,224
 294 501 294 501 296 498 c 4,225,226
 298 493 298 493 294 496 c 132,-1,227
 290 499 290 499 292 502 c 4,228,229
 293 505 293 505 290.5 507 c 132,-1,230
 288 509 288 509 284.5 509.5 c 132,-1,231
 281 510 281 510 278 509 c 6,232,-1
 276 509 l 5,233,234
 278 511 278 511 276 516 c 132,-1,235
 274 521 274 521 270 524.5 c 132,-1,236
 266 528 266 528 265 526 c 4,237,238
 262 524 262 524 257 532 c 5,239,-1
 258 533 l 5,240,241
 265 528 265 528 265 532 c 4,242,243
 265 537 265 537 259.5 541 c 132,-1,244
 254 545 254 545 252 542 c 5,245,-1
 250 544 l 6,246,247
 251 547 251 547 246 557 c 132,-1,248
 241 567 241 567 238 567 c 132,-1,249
 235 567 235 567 238 562 c 5,250,-1
 237 560 l 5,251,252
 236 561 236 561 232 565 c 4,253,254
 222 579 222 579 225 576 c 4,255,256
 226 575 226 575 227 574 c 5,257,-1
 230 578 l 5,258,-1
 230 587 l 6,259,260
 230 594 230 594 226 598 c 6,261,-1
 225 599 l 5,262,263
 226 600 226 600 228 603 c 4,179,180
EndSplineSet
EndChar
EndChars
EndSplineFont
